enviroment, gi, w, q, x, y
Environment.FREE_SPACE,4e-06,1000000.0,2,"[1, 2, 3, 5, 7, 10, 20, 30, 50, 70, 100, 200, 300, 500, 700, 1000, 2000, 3000, 5000, 7000, 10000]","[1.0, 1.0, 1.0, 1.0, 1.0, 1.0, 1.0, 1.0, 0.999994, 0.999988, 0.999956, 0.999626, 0.998626, 0.995014, 0.988712, 0.976132, 0.91524, 0.848192, 0.7214, 0.614, 0.49399]"

Environment.FREE_SPACE,4e-06,1000000.0,4,"[1, 2, 3, 5, 7, 10, 20, 30, 50, 70, 100, 200, 300, 500, 700, 1000, 2000, 3000, 5000, 7000, 10000]","[1.0, 1.0, 1.0, 1.0, 1.0, 1.0, 1.0, 0.999994, 0.999984, 0.999926, 0.999768, 0.998166, 0.994966, 0.982606, 0.965686, 0.935332, 0.82024, 0.71378, 0.549166, 0.4328, 0.316846]"

Environment.FREE_SPACE,4e-06,1000000.0,16,"[1, 2, 3, 5, 7, 10, 20, 30, 50, 70, 100, 200, 300, 500, 700, 1000, 2000, 3000, 5000, 7000, 10000]","[1.0, 1.0, 1.0, 1.0, 1.0, 1.0, 0.999986, 0.999944, 0.999708, 0.999204, 0.99764, 0.987178, 0.969822, 0.925612, 0.87518, 0.79985, 0.59514, 0.457742, 0.291882, 0.200072, 0.126036]"

Environment.FREE_SPACE,4e-06,1000000.0,64,"[1, 2, 3, 5, 7, 10, 20, 30, 50, 70, 100, 200, 300, 500, 700, 1000, 2000, 3000, 5000, 7000, 10000]","[1.0, 1.0, 1.0, 0.999998, 1.0, 0.999988, 0.999854, 0.999448, 0.997658, 0.994592, 0.987226, 0.94864, 0.90067, 0.799474, 0.710086, 0.596924, 0.359842, 0.239968, 0.12558, 0.0749, 0.04027]"

Environment.FREE_SPACE,4e-06,1000000.0,256,"[1, 2, 3, 5, 7, 10, 20, 30, 50, 70, 100, 200, 300, 500, 700, 1000, 2000, 3000, 5000, 7000, 10000]","[1.0, 1.0, 0.999998, 0.99999, 0.999958, 0.999882, 0.998792, 0.996372, 0.987546, 0.974428, 0.950188, 0.852482, 0.757352, 0.601522, 0.48589, 0.365774, 0.173566, 0.097596, 0.04145, 0.021418, 0.010018]"

Environment.FREE_SPACE,4e-06,2000000.0,2,"[1, 2, 3, 5, 7, 10, 20, 30, 50, 70, 100, 200, 300, 500, 700, 1000, 2000, 3000, 5000, 7000, 10000]","[1.0, 1.0, 1.0, 1.0, 1.0, 1.0, 1.0, 1.0, 0.999998, 0.999996, 0.999982, 0.999864, 0.99947, 0.99777, 0.994602, 0.987258, 0.948778, 0.900482, 0.79888, 0.70902, 0.595352]"

Environment.FREE_SPACE,4e-06,2000000.0,4,"[1, 2, 3, 5, 7, 10, 20, 30, 50, 70, 100, 200, 300, 500, 700, 1000, 2000, 3000, 5000, 7000, 10000]","[1.0, 1.0, 1.0, 1.0, 1.0, 1.0, 1.0, 1.0, 0.999994, 0.999986, 0.999908, 0.999234, 0.997606, 0.990734, 0.980892, 0.961022, 0.878938, 0.79283, 0.647844, 0.534698, 0.41316]"

Environment.FREE_SPACE,4e-06,2000000.0,16,"[1, 2, 3, 5, 7, 10, 20, 30, 50, 70, 100, 200, 300, 500, 700, 1000, 2000, 3000, 5000, 7000, 10000]","[1.0, 1.0, 1.0, 1.0, 1.0, 1.0, 0.99999, 0.999984, 0.999906, 0.999636, 0.998988, 0.993368, 0.983756, 0.955068, 0.919902, 0.863438, 0.68902, 0.558526, 0.38421, 0.278014, 0.185202]"

Environment.FREE_SPACE,4e-06,2000000.0,64,"[1, 2, 3, 5, 7, 10, 20, 30, 50, 70, 100, 200, 300, 500, 700, 1000, 2000, 3000, 5000, 7000, 10000]","[1.0, 1.0, 1.0, 1.0, 1.0, 0.999994, 0.99994, 0.999794, 0.999, 0.997314, 0.993456, 0.970648, 0.93811, 0.862864, 0.788766, 0.690026, 0.459294, 0.325782, 0.184052, 0.117736, 0.066866]"

Environment.FREE_SPACE,4e-06,2000000.0,256,"[1, 2, 3, 5, 7, 10, 20, 30, 50, 70, 100, 200, 300, 500, 700, 1000, 2000, 3000, 5000, 7000, 10000]","[1.0, 1.0, 1.0, 0.999994, 0.999992, 0.99994, 0.999466, 0.99835, 0.993794, 0.98679, 0.971334, 0.90348, 0.828814, 0.696304, 0.587936, 0.464828, 0.244486, 0.149676, 0.06957, 0.03853, 0.018678]"

Environment.FREE_SPACE,4e-06,4000000.0,2,"[1, 2, 3, 5, 7, 10, 20, 30, 50, 70, 100, 200, 300, 500, 700, 1000, 2000, 3000, 5000, 7000, 10000]","[1.0, 1.0, 1.0, 1.0, 1.0, 1.0, 1.0, 1.0, 1.0, 1.0, 0.999998, 0.999958, 0.99983, 0.998966, 0.99752, 0.993976, 0.97195, 0.940474, 0.868042, 0.794898, 0.697726]"

Environment.FREE_SPACE,4e-06,4000000.0,4,"[1, 2, 3, 5, 7, 10, 20, 30, 50, 70, 100, 200, 300, 500, 700, 1000, 2000, 3000, 5000, 7000, 10000]","[1.0, 1.0, 1.0, 1.0, 1.0, 1.0, 1.0, 1.0, 0.999998, 1.0, 0.999982, 0.999712, 0.99898, 0.99585, 0.990694, 0.979588, 0.92566, 0.86358, 0.74331, 0.640518, 0.521692]"

Environment.FREE_SPACE,4e-06,4000000.0,16,"[1, 2, 3, 5, 7, 10, 20, 30, 50, 70, 100, 200, 300, 500, 700, 1000, 2000, 3000, 5000, 7000, 10000]","[1.0, 1.0, 1.0, 1.0, 1.0, 1.0, 0.999998, 0.999992, 0.99997, 0.999874, 0.999666, 0.99706, 0.992218, 0.975614, 0.953476, 0.914766, 0.779426, 0.663664, 0.491366, 0.377912, 0.268574]"

Environment.FREE_SPACE,4e-06,4000000.0,64,"[1, 2, 3, 5, 7, 10, 20, 30, 50, 70, 100, 200, 300, 500, 700, 1000, 2000, 3000, 5000, 7000, 10000]","[1.0, 1.0, 1.0, 1.0, 1.0, 0.999998, 0.999992, 0.999928, 0.999574, 0.998952, 0.997126, 0.984786, 0.965246, 0.91448, 0.860708, 0.779536, 0.567342, 0.42933, 0.267104, 0.181384, 0.1111]"

Environment.FREE_SPACE,4e-06,4000000.0,256,"[1, 2, 3, 5, 7, 10, 20, 30, 50, 70, 100, 200, 300, 500, 700, 1000, 2000, 3000, 5000, 7000, 10000]","[1.0, 1.0, 1.0, 1.0, 1.0, 0.999984, 0.999824, 0.999358, 0.99724, 0.993552, 0.985374, 0.94258, 0.890084, 0.784104, 0.689174, 0.574072, 0.34062, 0.22234, 0.1138, 0.0675, 0.035574]"

Environment.FREE_SPACE,4e-06,8000000.0,2,"[1, 2, 3, 5, 7, 10, 20, 30, 50, 70, 100, 200, 300, 500, 700, 1000, 2000, 3000, 5000, 7000, 10000]","[1.0, 1.0, 1.0, 1.0, 1.0, 1.0, 1.0, 1.0, 1.0, 1.0, 1.0, 0.99998, 0.999924, 0.99966, 0.998992, 0.997302, 0.985712, 0.967504, 0.9193, 0.866368, 0.7888]"

Environment.FREE_SPACE,4e-06,8000000.0,4,"[1, 2, 3, 5, 7, 10, 20, 30, 50, 70, 100, 200, 300, 500, 700, 1000, 2000, 3000, 5000, 7000, 10000]","[1.0, 1.0, 1.0, 1.0, 1.0, 1.0, 1.0, 1.0, 1.0, 0.999998, 0.999992, 0.999912, 0.999566, 0.998358, 0.995884, 0.99031, 0.958728, 0.915836, 0.82629, 0.74109, 0.632138]"

Environment.FREE_SPACE,4e-06,8000000.0,16,"[1, 2, 3, 5, 7, 10, 20, 30, 50, 70, 100, 200, 300, 500, 700, 1000, 2000, 3000, 5000, 7000, 10000]","[1.0, 1.0, 1.0, 1.0, 1.0, 1.0, 1.0, 0.99999, 0.99998, 0.999964, 0.99986, 0.99886, 0.996466, 0.987812, 0.975176, 0.950908, 0.855102, 0.760368, 0.604434, 0.490184, 0.369466]"

Environment.FREE_SPACE,4e-06,8000000.0,64,"[1, 2, 3, 5, 7, 10, 20, 30, 50, 70, 100, 200, 300, 500, 700, 1000, 2000, 3000, 5000, 7000, 10000]","[1.0, 1.0, 1.0, 1.0, 1.0, 1.0, 0.999998, 0.999974, 0.999868, 0.999586, 0.998756, 0.992776, 0.981832, 0.950908, 0.913706, 0.855438, 0.676644, 0.541736, 0.369642, 0.266766, 0.17622]"

Environment.FREE_SPACE,4e-06,8000000.0,256,"[1, 2, 3, 5, 7, 10, 20, 30, 50, 70, 100, 200, 300, 500, 700, 1000, 2000, 3000, 5000, 7000, 10000]","[1.0, 1.0, 1.0, 0.999998, 0.999998, 0.999998, 0.999916, 0.999776, 0.998942, 0.99714, 0.993026, 0.968994, 0.934744, 0.85765, 0.782294, 0.682062, 0.450362, 0.316278, 0.179346, 0.113534, 0.064206]"

Environment.FREE_SPACE,4e-06,16000000.0,2,"[1, 2, 3, 5, 7, 10, 20, 30, 50, 70, 100, 200, 300, 500, 700, 1000, 2000, 3000, 5000, 7000, 10000]","[1.0, 1.0, 1.0, 1.0, 1.0, 1.0, 1.0, 1.0, 1.0, 1.0, 1.0, 0.999996, 0.999988, 0.999854, 0.999614, 0.999016, 0.99349, 0.983814, 0.954522, 0.91955, 0.863084]"

Environment.FREE_SPACE,4e-06,16000000.0,4,"[1, 2, 3, 5, 7, 10, 20, 30, 50, 70, 100, 200, 300, 500, 700, 1000, 2000, 3000, 5000, 7000, 10000]","[1.0, 1.0, 1.0, 1.0, 1.0, 1.0, 1.0, 1.0, 1.0, 0.999998, 1.0, 0.99996, 0.999872, 0.999314, 0.998462, 0.995718, 0.9788, 0.953002, 0.891582, 0.826672, 0.736228]"

Environment.FREE_SPACE,4e-06,16000000.0,16,"[1, 2, 3, 5, 7, 10, 20, 30, 50, 70, 100, 200, 300, 500, 700, 1000, 2000, 3000, 5000, 7000, 10000]","[1.0, 1.0, 1.0, 1.0, 1.0, 1.0, 1.0, 1.0, 0.999996, 0.999994, 0.99997, 0.99959, 0.998656, 0.994694, 0.98797, 0.97471, 0.912354, 0.841372, 0.711382, 0.606442, 0.483036]"

Environment.FREE_SPACE,4e-06,16000000.0,64,"[1, 2, 3, 5, 7, 10, 20, 30, 50, 70, 100, 200, 300, 500, 700, 1000, 2000, 3000, 5000, 7000, 10000]","[1.0, 1.0, 1.0, 1.0, 1.0, 1.0, 0.999996, 0.99999, 0.999968, 0.99987, 0.99958, 0.996818, 0.991522, 0.973938, 0.951526, 0.911804, 0.77417, 0.656492, 0.483786, 0.37003, 0.261908]"

Environment.FREE_SPACE,4e-06,16000000.0,256,"[1, 2, 3, 5, 7, 10, 20, 30, 50, 70, 100, 200, 300, 500, 700, 1000, 2000, 3000, 5000, 7000, 10000]","[1.0, 1.0, 1.0, 1.0, 0.999998, 1.0, 0.99998, 0.999942, 0.99963, 0.998952, 0.99706, 0.984314, 0.964508, 0.913628, 0.859086, 0.778408, 0.565596, 0.427454, 0.266502, 0.179322, 0.110692]"

Environment.FREE_SPACE,8e-06,1000000.0,2,"[1, 2, 3, 5, 7, 10, 20, 30, 50, 70, 100, 200, 300, 500, 700, 1000, 2000, 3000, 5000, 7000, 10000]","[1.0, 1.0, 1.0, 1.0, 1.0, 1.0, 1.0, 1.0, 1.0, 0.999996, 0.999986, 0.999834, 0.999486, 0.997692, 0.994542, 0.987356, 0.948418, 0.900002, 0.800328, 0.708826, 0.595068]"

Environment.FREE_SPACE,8e-06,1000000.0,4,"[1, 2, 3, 5, 7, 10, 20, 30, 50, 70, 100, 200, 300, 500, 700, 1000, 2000, 3000, 5000, 7000, 10000]","[1.0, 1.0, 1.0, 1.0, 1.0, 1.0, 1.0, 1.0, 0.999998, 0.999958, 0.999902, 0.999284, 0.997552, 0.991112, 0.98096, 0.961762, 0.879406, 0.793304, 0.64679, 0.534554, 0.411696]"

Environment.FREE_SPACE,8e-06,1000000.0,16,"[1, 2, 3, 5, 7, 10, 20, 30, 50, 70, 100, 200, 300, 500, 700, 1000, 2000, 3000, 5000, 7000, 10000]","[1.0, 1.0, 1.0, 1.0, 1.0, 1.0, 0.999998, 0.999968, 0.999878, 0.999658, 0.998984, 0.993746, 0.983868, 0.955218, 0.92021, 0.863924, 0.689196, 0.557946, 0.382698, 0.276816, 0.185618]"

Environment.FREE_SPACE,8e-06,1000000.0,64,"[1, 2, 3, 5, 7, 10, 20, 30, 50, 70, 100, 200, 300, 500, 700, 1000, 2000, 3000, 5000, 7000, 10000]","[1.0, 1.0, 1.0, 1.0, 1.0, 1.0, 0.999958, 0.999786, 0.999016, 0.997386, 0.993396, 0.969972, 0.93804, 0.86283, 0.789946, 0.68964, 0.457994, 0.325634, 0.185626, 0.117738, 0.067252]"

Environment.FREE_SPACE,8e-06,1000000.0,256,"[1, 2, 3, 5, 7, 10, 20, 30, 50, 70, 100, 200, 300, 500, 700, 1000, 2000, 3000, 5000, 7000, 10000]","[1.0, 1.0, 1.0, 0.999994, 0.999994, 0.99996, 0.99949, 0.998296, 0.993582, 0.986408, 0.97107, 0.90361, 0.828628, 0.6947, 0.58514, 0.465436, 0.245532, 0.149514, 0.06978, 0.038802, 0.018564]"

Environment.FREE_SPACE,8e-06,2000000.0,2,"[1, 2, 3, 5, 7, 10, 20, 30, 50, 70, 100, 200, 300, 500, 700, 1000, 2000, 3000, 5000, 7000, 10000]","[1.0, 1.0, 1.0, 1.0, 1.0, 1.0, 1.0, 1.0, 0.999998, 0.999998, 0.999994, 0.999946, 0.99983, 0.999044, 0.997564, 0.993904, 0.971866, 0.940278, 0.867946, 0.79562, 0.69786]"

Environment.FREE_SPACE,8e-06,2000000.0,4,"[1, 2, 3, 5, 7, 10, 20, 30, 50, 70, 100, 200, 300, 500, 700, 1000, 2000, 3000, 5000, 7000, 10000]","[1.0, 1.0, 1.0, 1.0, 1.0, 1.0, 1.0, 1.0, 0.999998, 0.999996, 0.999986, 0.99965, 0.999014, 0.995826, 0.990518, 0.97959, 0.925458, 0.863124, 0.74423, 0.641034, 0.521566]"

Environment.FREE_SPACE,8e-06,2000000.0,16,"[1, 2, 3, 5, 7, 10, 20, 30, 50, 70, 100, 200, 300, 500, 700, 1000, 2000, 3000, 5000, 7000, 10000]","[1.0, 1.0, 1.0, 1.0, 1.0, 1.0, 1.0, 0.999994, 0.999958, 0.999888, 0.9996, 0.997072, 0.992114, 0.975906, 0.95362, 0.914564, 0.78018, 0.663094, 0.491808, 0.377788, 0.26725]"

Environment.FREE_SPACE,8e-06,2000000.0,64,"[1, 2, 3, 5, 7, 10, 20, 30, 50, 70, 100, 200, 300, 500, 700, 1000, 2000, 3000, 5000, 7000, 10000]","[1.0, 1.0, 1.0, 1.0, 1.0, 1.0, 0.99998, 0.999918, 0.999644, 0.998882, 0.997198, 0.984608, 0.964906, 0.914102, 0.860026, 0.779806, 0.566854, 0.430042, 0.268552, 0.18024, 0.111658]"

Environment.FREE_SPACE,8e-06,2000000.0,256,"[1, 2, 3, 5, 7, 10, 20, 30, 50, 70, 100, 200, 300, 500, 700, 1000, 2000, 3000, 5000, 7000, 10000]","[1.0, 1.0, 1.0, 0.999998, 0.999996, 0.999988, 0.99981, 0.999366, 0.997276, 0.993408, 0.985056, 0.942968, 0.889988, 0.782972, 0.688528, 0.573894, 0.339622, 0.223396, 0.11428, 0.067598, 0.035034]"

Environment.FREE_SPACE,8e-06,4000000.0,2,"[1, 2, 3, 5, 7, 10, 20, 30, 50, 70, 100, 200, 300, 500, 700, 1000, 2000, 3000, 5000, 7000, 10000]","[1.0, 1.0, 1.0, 1.0, 1.0, 1.0, 1.0, 1.0, 1.0, 1.0, 0.999998, 0.999992, 0.999926, 0.999642, 0.99904, 0.997294, 0.986272, 0.967958, 0.919802, 0.8667, 0.788444]"

Environment.FREE_SPACE,8e-06,4000000.0,4,"[1, 2, 3, 5, 7, 10, 20, 30, 50, 70, 100, 200, 300, 500, 700, 1000, 2000, 3000, 5000, 7000, 10000]","[1.0, 1.0, 1.0, 1.0, 1.0, 1.0, 1.0, 1.0, 1.0, 1.0, 0.999992, 0.999894, 0.99965, 0.998382, 0.995862, 0.990024, 0.958312, 0.91644, 0.827172, 0.741688, 0.631888]"

Environment.FREE_SPACE,8e-06,4000000.0,16,"[1, 2, 3, 5, 7, 10, 20, 30, 50, 70, 100, 200, 300, 500, 700, 1000, 2000, 3000, 5000, 7000, 10000]","[1.0, 1.0, 1.0, 1.0, 1.0, 1.0, 1.0, 0.999998, 0.999978, 0.999958, 0.999842, 0.99887, 0.996542, 0.988038, 0.975508, 0.95087, 0.854892, 0.759398, 0.604224, 0.490486, 0.368622]"

Environment.FREE_SPACE,8e-06,4000000.0,64,"[1, 2, 3, 5, 7, 10, 20, 30, 50, 70, 100, 200, 300, 500, 700, 1000, 2000, 3000, 5000, 7000, 10000]","[1.0, 1.0, 1.0, 1.0, 1.0, 1.0, 0.999996, 0.999974, 0.99988, 0.999608, 0.998912, 0.992776, 0.98202, 0.951088, 0.91418, 0.854454, 0.677314, 0.543476, 0.369596, 0.266524, 0.17523]"

Environment.FREE_SPACE,8e-06,4000000.0,256,"[1, 2, 3, 5, 7, 10, 20, 30, 50, 70, 100, 200, 300, 500, 700, 1000, 2000, 3000, 5000, 7000, 10000]","[1.0, 1.0, 1.0, 1.0, 1.0, 0.999994, 0.999932, 0.999784, 0.99892, 0.997198, 0.99315, 0.968864, 0.935276, 0.85847, 0.78302, 0.682458, 0.44952, 0.317208, 0.179354, 0.112816, 0.06427]"

Environment.FREE_SPACE,8e-06,8000000.0,2,"[1, 2, 3, 5, 7, 10, 20, 30, 50, 70, 100, 200, 300, 500, 700, 1000, 2000, 3000, 5000, 7000, 10000]","[1.0, 1.0, 1.0, 1.0, 1.0, 1.0, 1.0, 1.0, 1.0, 1.0, 1.0, 0.999994, 0.999966, 0.999902, 0.999672, 0.998988, 0.993614, 0.983608, 0.955052, 0.919532, 0.863432]"

Environment.FREE_SPACE,8e-06,8000000.0,4,"[1, 2, 3, 5, 7, 10, 20, 30, 50, 70, 100, 200, 300, 500, 700, 1000, 2000, 3000, 5000, 7000, 10000]","[1.0, 1.0, 1.0, 1.0, 1.0, 1.0, 1.0, 1.0, 1.0, 0.999998, 0.999994, 0.99996, 0.999868, 0.999386, 0.998262, 0.995728, 0.978814, 0.952362, 0.891252, 0.826526, 0.736894]"

Environment.FREE_SPACE,8e-06,8000000.0,16,"[1, 2, 3, 5, 7, 10, 20, 30, 50, 70, 100, 200, 300, 500, 700, 1000, 2000, 3000, 5000, 7000, 10000]","[1.0, 1.0, 1.0, 1.0, 1.0, 1.0, 1.0, 1.0, 0.999996, 0.99999, 0.999962, 0.999558, 0.998588, 0.99448, 0.98802, 0.974456, 0.91119, 0.841332, 0.711464, 0.606162, 0.484046]"

Environment.FREE_SPACE,8e-06,8000000.0,64,"[1, 2, 3, 5, 7, 10, 20, 30, 50, 70, 100, 200, 300, 500, 700, 1000, 2000, 3000, 5000, 7000, 10000]","[1.0, 1.0, 1.0, 1.0, 1.0, 1.0, 0.999998, 0.999994, 0.999964, 0.999826, 0.999598, 0.997014, 0.991644, 0.974648, 0.951196, 0.911152, 0.773774, 0.655452, 0.483724, 0.37156, 0.262948]"

Environment.FREE_SPACE,8e-06,8000000.0,256,"[1, 2, 3, 5, 7, 10, 20, 30, 50, 70, 100, 200, 300, 500, 700, 1000, 2000, 3000, 5000, 7000, 10000]","[1.0, 1.0, 1.0, 1.0, 1.0, 1.0, 0.999978, 0.99994, 0.999572, 0.998932, 0.997172, 0.984474, 0.964728, 0.913472, 0.857946, 0.778158, 0.565762, 0.425118, 0.265668, 0.179896, 0.109824]"

Environment.FREE_SPACE,8e-06,16000000.0,2,"[1, 2, 3, 5, 7, 10, 20, 30, 50, 70, 100, 200, 300, 500, 700, 1000, 2000, 3000, 5000, 7000, 10000]","[1.0, 1.0, 1.0, 1.0, 1.0, 1.0, 1.0, 1.0, 1.0, 1.0, 1.0, 1.0, 0.999998, 0.99997, 0.999894, 0.999606, 0.997304, 0.992512, 0.97651, 0.95533, 0.91728]"

Environment.FREE_SPACE,8e-06,16000000.0,4,"[1, 2, 3, 5, 7, 10, 20, 30, 50, 70, 100, 200, 300, 500, 700, 1000, 2000, 3000, 5000, 7000, 10000]","[1.0, 1.0, 1.0, 1.0, 1.0, 1.0, 1.0, 1.0, 1.0, 0.999998, 1.0, 0.999988, 0.999944, 0.999782, 0.999396, 0.99819, 0.989864, 0.975792, 0.935966, 0.89228, 0.823944]"

Environment.FREE_SPACE,8e-06,16000000.0,16,"[1, 2, 3, 5, 7, 10, 20, 30, 50, 70, 100, 200, 300, 500, 700, 1000, 2000, 3000, 5000, 7000, 10000]","[1.0, 1.0, 1.0, 1.0, 1.0, 1.0, 1.0, 1.0, 1.0, 0.999998, 0.99999, 0.99988, 0.999452, 0.997906, 0.99471, 0.98758, 0.949504, 0.902672, 0.803606, 0.713676, 0.600202]"

Environment.FREE_SPACE,8e-06,16000000.0,64,"[1, 2, 3, 5, 7, 10, 20, 30, 50, 70, 100, 200, 300, 500, 700, 1000, 2000, 3000, 5000, 7000, 10000]","[1.0, 1.0, 1.0, 1.0, 1.0, 1.0, 1.0, 1.0, 0.999992, 0.999964, 0.999856, 0.998826, 0.996302, 0.987594, 0.974326, 0.950282, 0.85239, 0.756748, 0.600794, 0.485778, 0.365804]"

Environment.FREE_SPACE,8e-06,16000000.0,256,"[1, 2, 3, 5, 7, 10, 20, 30, 50, 70, 100, 200, 300, 500, 700, 1000, 2000, 3000, 5000, 7000, 10000]","[1.0, 1.0, 1.0, 1.0, 1.0, 1.0, 0.99999, 0.999966, 0.999876, 0.999598, 0.99891, 0.99291, 0.982462, 0.951882, 0.913588, 0.854766, 0.678116, 0.544224, 0.370206, 0.268256, 0.176162]"

Environment.URBAN_AREA_CELLULAR_RADIO,4e-06,1000000.0,2,"[1, 2, 3, 5, 7, 10, 20, 30, 50, 70, 100, 200, 300, 500, 700, 1000, 2000, 3000, 5000, 7000, 10000]","[1.0, 1.0, 1.0, 1.0, 1.0, 1.0, 0.999926, 0.999404, 0.994314, 0.981634, 0.946936, 0.77133, 0.570092, 0.291366, 0.15727, 0.055162, 0.0, 0.0, 0.0, 0.0, 0.0]"

Environment.URBAN_AREA_CELLULAR_RADIO,4e-06,1000000.0,4,"[1, 2, 3, 5, 7, 10, 20, 30, 50, 70, 100, 200, 300, 500, 700, 1000, 2000, 3000, 5000, 7000, 10000]","[1.0, 1.0, 1.0, 1.0, 1.0, 0.999996, 0.999598, 0.997388, 0.98183, 0.950632, 0.88351, 0.63187, 0.42918, 0.20003, 0.099732, 0.032314, 0.0, 0.0, 0.0, 0.0, 0.0]"

Environment.URBAN_AREA_CELLULAR_RADIO,4e-06,1000000.0,16,"[1, 2, 3, 5, 7, 10, 20, 30, 50, 70, 100, 200, 300, 500, 700, 1000, 2000, 3000, 5000, 7000, 10000]","[1.0, 1.0, 1.0, 0.999996, 0.999986, 0.999852, 0.996434, 0.983924, 0.928856, 0.848122, 0.71933, 0.400532, 0.232806, 0.089412, 0.03948, 0.011108, 0.0, 0.0, 0.0, 0.0, 0.0]"

Environment.URBAN_AREA_CELLULAR_RADIO,4e-06,1000000.0,64,"[1, 2, 3, 5, 7, 10, 20, 30, 50, 70, 100, 200, 300, 500, 700, 1000, 2000, 3000, 5000, 7000, 10000]","[1.0, 1.0, 1.0, 0.999974, 0.999784, 0.99894, 0.982378, 0.941382, 0.816512, 0.682676, 0.515884, 0.21836, 0.107248, 0.033408, 0.012778, 0.003194, 0.0, 0.0, 0.0, 0.0, 0.0]"

Environment.URBAN_AREA_CELLULAR_RADIO,4e-06,1000000.0,256,"[1, 2, 3, 5, 7, 10, 20, 30, 50, 70, 100, 200, 300, 500, 700, 1000, 2000, 3000, 5000, 7000, 10000]","[1.0, 1.0, 0.999978, 0.999656, 0.998518, 0.99337, 0.938312, 0.844486, 0.640214, 0.47555, 0.31144, 0.097506, 0.039198, 0.009974, 0.003236, 0.000612, 0.0, 0.0, 0.0, 0.0, 0.0]"

Environment.URBAN_AREA_CELLULAR_RADIO,4e-06,2000000.0,2,"[1, 2, 3, 5, 7, 10, 20, 30, 50, 70, 100, 200, 300, 500, 700, 1000, 2000, 3000, 5000, 7000, 10000]","[1.0, 1.0, 1.0, 1.0, 1.0, 1.0, 0.999974, 0.999728, 0.997148, 0.98981, 0.967774, 0.834108, 0.640422, 0.341728, 0.189068, 0.069214, 0.0, 0.0, 0.0, 0.0, 0.0]"

Environment.URBAN_AREA_CELLULAR_RADIO,4e-06,2000000.0,4,"[1, 2, 3, 5, 7, 10, 20, 30, 50, 70, 100, 200, 300, 500, 700, 1000, 2000, 3000, 5000, 7000, 10000]","[1.0, 1.0, 1.0, 1.0, 0.999998, 1.0, 0.999826, 0.99868, 0.990176, 0.97038, 0.922908, 0.713082, 0.507318, 0.24868, 0.129802, 0.044036, 0.0, 0.0, 0.0, 0.0, 0.0]"

Environment.URBAN_AREA_CELLULAR_RADIO,4e-06,2000000.0,16,"[1, 2, 3, 5, 7, 10, 20, 30, 50, 70, 100, 200, 300, 500, 700, 1000, 2000, 3000, 5000, 7000, 10000]","[1.0, 1.0, 1.0, 1.0, 0.999998, 0.99996, 0.998352, 0.991122, 0.955934, 0.896958, 0.791242, 0.488882, 0.30153, 0.125884, 0.05821, 0.01755, 0.0, 0.0, 0.0, 0.0, 0.0]"

Environment.URBAN_AREA_CELLULAR_RADIO,4e-06,2000000.0,64,"[1, 2, 3, 5, 7, 10, 20, 30, 50, 70, 100, 200, 300, 500, 700, 1000, 2000, 3000, 5000, 7000, 10000]","[1.0, 1.0, 1.0, 0.99999, 0.999942, 0.999546, 0.990732, 0.964862, 0.872732, 0.761178, 0.605284, 0.289992, 0.152894, 0.05244, 0.021052, 0.005574, 0.0, 0.0, 0.0, 0.0, 0.0]"

Environment.URBAN_AREA_CELLULAR_RADIO,4e-06,2000000.0,256,"[1, 2, 3, 5, 7, 10, 20, 30, 50, 70, 100, 200, 300, 500, 700, 1000, 2000, 3000, 5000, 7000, 10000]","[1.0, 1.0, 0.999994, 0.999876, 0.999402, 0.996924, 0.963456, 0.894836, 0.724512, 0.57007, 0.39711, 0.142538, 0.062968, 0.017552, 0.006044, 0.001416, 0.0, 0.0, 0.0, 0.0, 0.0]"

Environment.URBAN_AREA_CELLULAR_RADIO,4e-06,4000000.0,2,"[1, 2, 3, 5, 7, 10, 20, 30, 50, 70, 100, 200, 300, 500, 700, 1000, 2000, 3000, 5000, 7000, 10000]","[1.0, 1.0, 1.0, 1.0, 1.0, 1.0, 0.999992, 0.999906, 0.998846, 0.995092, 0.982368, 0.888328, 0.707508, 0.390444, 0.22337, 0.084268, 0.0, 0.0, 0.0, 0.0, 0.0]"

Environment.URBAN_AREA_CELLULAR_RADIO,4e-06,4000000.0,4,"[1, 2, 3, 5, 7, 10, 20, 30, 50, 70, 100, 200, 300, 500, 700, 1000, 2000, 3000, 5000, 7000, 10000]","[1.0, 1.0, 1.0, 1.0, 1.0, 1.0, 0.99995, 0.999518, 0.995172, 0.983742, 0.953466, 0.790454, 0.588096, 0.304208, 0.16529, 0.058678, 0.0, 0.0, 0.0, 0.0, 0.0]"

Environment.URBAN_AREA_CELLULAR_RADIO,4e-06,4000000.0,16,"[1, 2, 3, 5, 7, 10, 20, 30, 50, 70, 100, 200, 300, 500, 700, 1000, 2000, 3000, 5000, 7000, 10000]","[1.0, 1.0, 1.0, 0.999998, 1.0, 0.999984, 0.999198, 0.995832, 0.974514, 0.935956, 0.855596, 0.582488, 0.383804, 0.171936, 0.083856, 0.02653, 0.0, 0.0, 0.0, 0.0, 0.0]"

Environment.URBAN_AREA_CELLULAR_RADIO,4e-06,4000000.0,64,"[1, 2, 3, 5, 7, 10, 20, 30, 50, 70, 100, 200, 300, 500, 700, 1000, 2000, 3000, 5000, 7000, 10000]","[1.0, 1.0, 1.0, 1.0, 0.99998, 0.99983, 0.995272, 0.980616, 0.918886, 0.832768, 0.697294, 0.376046, 0.214982, 0.081338, 0.03535, 0.00975, 0.0, 0.0, 0.0, 0.0, 0.0]"

Environment.URBAN_AREA_CELLULAR_RADIO,4e-06,4000000.0,256,"[1, 2, 3, 5, 7, 10, 20, 30, 50, 70, 100, 200, 300, 500, 700, 1000, 2000, 3000, 5000, 7000, 10000]","[1.0, 1.0, 0.999998, 0.99996, 0.999724, 0.998638, 0.980004, 0.934796, 0.802978, 0.664126, 0.495526, 0.204566, 0.098206, 0.030066, 0.011614, 0.002742, 0.0, 0.0, 0.0, 0.0, 0.0]"

Environment.URBAN_AREA_CELLULAR_RADIO,4e-06,8000000.0,2,"[1, 2, 3, 5, 7, 10, 20, 30, 50, 70, 100, 200, 300, 500, 700, 1000, 2000, 3000, 5000, 7000, 10000]","[1.0, 1.0, 1.0, 1.0, 1.0, 1.0, 0.999998, 0.999974, 0.99952, 0.997756, 0.991002, 0.929654, 0.763044, 0.432968, 0.254134, 0.098994, 0.0, 0.0, 0.0, 0.0, 0.0]"

Environment.URBAN_AREA_CELLULAR_RADIO,4e-06,8000000.0,4,"[1, 2, 3, 5, 7, 10, 20, 30, 50, 70, 100, 200, 300, 500, 700, 1000, 2000, 3000, 5000, 7000, 10000]","[1.0, 1.0, 1.0, 1.0, 1.0, 1.0, 0.99998, 0.999824, 0.99786, 0.99204, 0.973896, 0.854846, 0.664552, 0.359446, 0.202466, 0.07451, 0.0, 0.0, 0.0, 0.0, 0.0]"

Environment.URBAN_AREA_CELLULAR_RADIO,4e-06,8000000.0,16,"[1, 2, 3, 5, 7, 10, 20, 30, 50, 70, 100, 200, 300, 500, 700, 1000, 2000, 3000, 5000, 7000, 10000]","[1.0, 1.0, 1.0, 1.0, 1.0, 1.0, 0.999734, 0.99825, 0.98665, 0.962886, 0.907126, 0.679174, 0.473824, 0.227818, 0.116754, 0.038398, 0.0, 0.0, 0.0, 0.0, 0.0]"

Environment.URBAN_AREA_CELLULAR_RADIO,4e-06,8000000.0,64,"[1, 2, 3, 5, 7, 10, 20, 30, 50, 70, 100, 200, 300, 500, 700, 1000, 2000, 3000, 5000, 7000, 10000]","[1.0, 1.0, 1.0, 0.999998, 0.999998, 0.999938, 0.998144, 0.990344, 0.952388, 0.889906, 0.781786, 0.475514, 0.290988, 0.120084, 0.055298, 0.016116, 0.0, 0.0, 0.0, 0.0, 0.0]"

Environment.URBAN_AREA_CELLULAR_RADIO,4e-06,8000000.0,256,"[1, 2, 3, 5, 7, 10, 20, 30, 50, 70, 100, 200, 300, 500, 700, 1000, 2000, 3000, 5000, 7000, 10000]","[1.0, 1.0, 1.0, 0.999988, 0.999912, 0.999458, 0.989918, 0.962938, 0.86841, 0.755394, 0.597432, 0.282954, 0.148404, 0.050534, 0.020516, 0.005164, 0.0, 0.0, 0.0, 0.0, 0.0]"

Environment.URBAN_AREA_CELLULAR_RADIO,4e-06,16000000.0,2,"[1, 2, 3, 5, 7, 10, 20, 30, 50, 70, 100, 200, 300, 500, 700, 1000, 2000, 3000, 5000, 7000, 10000]","[1.0, 1.0, 1.0, 1.0, 1.0, 1.0, 1.0, 0.99998, 0.999834, 0.999058, 0.99595, 0.959098, 0.806594, 0.468904, 0.28041, 0.111978, 0.0, 0.0, 0.0, 0.0, 0.0]"

Environment.URBAN_AREA_CELLULAR_RADIO,4e-06,16000000.0,4,"[1, 2, 3, 5, 7, 10, 20, 30, 50, 70, 100, 200, 300, 500, 700, 1000, 2000, 3000, 5000, 7000, 10000]","[1.0, 1.0, 1.0, 1.0, 1.0, 1.0, 0.999986, 0.99992, 0.99917, 0.996406, 0.986526, 0.906204, 0.732526, 0.407508, 0.236076, 0.090798, 0.0, 0.0, 0.0, 0.0, 0.0]"

Environment.URBAN_AREA_CELLULAR_RADIO,4e-06,16000000.0,16,"[1, 2, 3, 5, 7, 10, 20, 30, 50, 70, 100, 200, 300, 500, 700, 1000, 2000, 3000, 5000, 7000, 10000]","[1.0, 1.0, 1.0, 1.0, 1.0, 1.0, 0.999896, 0.99934, 0.993732, 0.97996, 0.944222, 0.764258, 0.562424, 0.286256, 0.152692, 0.05361, 0.0, 0.0, 0.0, 0.0, 0.0]"

Environment.URBAN_AREA_CELLULAR_RADIO,4e-06,16000000.0,64,"[1, 2, 3, 5, 7, 10, 20, 30, 50, 70, 100, 200, 300, 500, 700, 1000, 2000, 3000, 5000, 7000, 10000]","[1.0, 1.0, 1.0, 1.0, 0.999996, 0.999976, 0.999292, 0.99554, 0.973676, 0.933388, 0.85184, 0.577294, 0.37737, 0.169668, 0.082052, 0.025948, 0.0, 0.0, 0.0, 0.0, 0.0]"

Environment.URBAN_AREA_CELLULAR_RADIO,4e-06,16000000.0,256,"[1, 2, 3, 5, 7, 10, 20, 30, 50, 70, 100, 200, 300, 500, 700, 1000, 2000, 3000, 5000, 7000, 10000]","[1.0, 1.0, 1.0, 0.999996, 0.999978, 0.999808, 0.9954, 0.98063, 0.917994, 0.83115, 0.695952, 0.375924, 0.213324, 0.080706, 0.03426, 0.009562, 0.0, 0.0, 0.0, 0.0, 0.0]"

Environment.URBAN_AREA_CELLULAR_RADIO,8e-06,1000000.0,2,"[1, 2, 3, 5, 7, 10, 20, 30, 50, 70, 100, 200, 300, 500, 700, 1000, 2000, 3000, 5000, 7000, 10000]","[1.0, 1.0, 1.0, 1.0, 1.0, 1.0, 0.999972, 0.999802, 0.997296, 0.989782, 0.967428, 0.83293, 0.640216, 0.3416, 0.189398, 0.068968, 0.0, 0.0, 0.0, 0.0, 0.0]"

Environment.URBAN_AREA_CELLULAR_RADIO,8e-06,1000000.0,4,"[1, 2, 3, 5, 7, 10, 20, 30, 50, 70, 100, 200, 300, 500, 700, 1000, 2000, 3000, 5000, 7000, 10000]","[1.0, 1.0, 1.0, 1.0, 1.0, 0.999996, 0.999856, 0.99878, 0.989982, 0.970994, 0.922564, 0.712854, 0.507348, 0.249076, 0.130196, 0.04449, 0.0, 0.0, 0.0, 0.0, 0.0]"

Environment.URBAN_AREA_CELLULAR_RADIO,8e-06,1000000.0,16,"[1, 2, 3, 5, 7, 10, 20, 30, 50, 70, 100, 200, 300, 500, 700, 1000, 2000, 3000, 5000, 7000, 10000]","[1.0, 1.0, 1.0, 1.0, 0.999988, 0.999952, 0.998292, 0.991146, 0.955846, 0.896572, 0.79079, 0.488486, 0.300222, 0.126334, 0.058102, 0.01733, 0.0, 0.0, 0.0, 0.0, 0.0]"

Environment.URBAN_AREA_CELLULAR_RADIO,8e-06,1000000.0,64,"[1, 2, 3, 5, 7, 10, 20, 30, 50, 70, 100, 200, 300, 500, 700, 1000, 2000, 3000, 5000, 7000, 10000]","[1.0, 1.0, 1.0, 0.99999, 0.999924, 0.999508, 0.990626, 0.96487, 0.872884, 0.760838, 0.605984, 0.290466, 0.152312, 0.052982, 0.021554, 0.005722, 0.0, 0.0, 0.0, 0.0, 0.0]"

Environment.URBAN_AREA_CELLULAR_RADIO,8e-06,1000000.0,256,"[1, 2, 3, 5, 7, 10, 20, 30, 50, 70, 100, 200, 300, 500, 700, 1000, 2000, 3000, 5000, 7000, 10000]","[1.0, 0.999998, 0.999992, 0.999856, 0.999338, 0.996842, 0.963082, 0.89458, 0.724672, 0.56958, 0.396418, 0.142026, 0.062072, 0.017486, 0.005964, 0.001376, 0.0, 0.0, 0.0, 0.0, 0.0]"

Environment.URBAN_AREA_CELLULAR_RADIO,8e-06,2000000.0,2,"[1, 2, 3, 5, 7, 10, 20, 30, 50, 70, 100, 200, 300, 500, 700, 1000, 2000, 3000, 5000, 7000, 10000]","[1.0, 1.0, 1.0, 1.0, 1.0, 1.0, 0.999992, 0.999888, 0.99875, 0.994948, 0.982112, 0.887506, 0.708236, 0.390932, 0.223512, 0.083762, 0.0, 0.0, 0.0, 0.0, 0.0]"

Environment.URBAN_AREA_CELLULAR_RADIO,8e-06,2000000.0,4,"[1, 2, 3, 5, 7, 10, 20, 30, 50, 70, 100, 200, 300, 500, 700, 1000, 2000, 3000, 5000, 7000, 10000]","[1.0, 1.0, 1.0, 1.0, 1.0, 1.0, 0.99994, 0.999496, 0.995206, 0.984002, 0.953634, 0.788824, 0.589112, 0.305374, 0.165094, 0.05836, 0.0, 0.0, 0.0, 0.0, 0.0]"

Environment.URBAN_AREA_CELLULAR_RADIO,8e-06,2000000.0,16,"[1, 2, 3, 5, 7, 10, 20, 30, 50, 70, 100, 200, 300, 500, 700, 1000, 2000, 3000, 5000, 7000, 10000]","[1.0, 1.0, 1.0, 0.999998, 1.0, 0.999978, 0.999288, 0.99581, 0.975064, 0.935258, 0.856174, 0.583268, 0.383558, 0.173104, 0.083986, 0.02633, 0.0, 0.0, 0.0, 0.0, 0.0]"

Environment.URBAN_AREA_CELLULAR_RADIO,8e-06,2000000.0,64,"[1, 2, 3, 5, 7, 10, 20, 30, 50, 70, 100, 200, 300, 500, 700, 1000, 2000, 3000, 5000, 7000, 10000]","[1.0, 1.0, 1.0, 1.0, 0.999976, 0.999832, 0.995644, 0.980638, 0.91815, 0.832994, 0.697932, 0.377154, 0.214868, 0.081184, 0.035094, 0.009842, 0.0, 0.0, 0.0, 0.0, 0.0]"

Environment.URBAN_AREA_CELLULAR_RADIO,8e-06,2000000.0,256,"[1, 2, 3, 5, 7, 10, 20, 30, 50, 70, 100, 200, 300, 500, 700, 1000, 2000, 3000, 5000, 7000, 10000]","[1.0, 1.0, 1.0, 0.999946, 0.999758, 0.998526, 0.97974, 0.935034, 0.802244, 0.665338, 0.494092, 0.204678, 0.098044, 0.029912, 0.011266, 0.002838, 0.0, 0.0, 0.0, 0.0, 0.0]"

Environment.URBAN_AREA_CELLULAR_RADIO,8e-06,4000000.0,2,"[1, 2, 3, 5, 7, 10, 20, 30, 50, 70, 100, 200, 300, 500, 700, 1000, 2000, 3000, 5000, 7000, 10000]","[1.0, 1.0, 1.0, 1.0, 1.0, 1.0, 1.0, 0.99997, 0.999528, 0.997762, 0.990906, 0.928814, 0.763058, 0.433964, 0.25486, 0.098924, 0.0, 0.0, 0.0, 0.0, 0.0]"

Environment.URBAN_AREA_CELLULAR_RADIO,8e-06,4000000.0,4,"[1, 2, 3, 5, 7, 10, 20, 30, 50, 70, 100, 200, 300, 500, 700, 1000, 2000, 3000, 5000, 7000, 10000]","[1.0, 1.0, 1.0, 1.0, 1.0, 1.0, 0.999978, 0.999824, 0.997856, 0.992064, 0.973868, 0.854306, 0.666476, 0.359706, 0.201626, 0.07428, 0.0, 0.0, 0.0, 0.0, 0.0]"

Environment.URBAN_AREA_CELLULAR_RADIO,8e-06,4000000.0,16,"[1, 2, 3, 5, 7, 10, 20, 30, 50, 70, 100, 200, 300, 500, 700, 1000, 2000, 3000, 5000, 7000, 10000]","[1.0, 1.0, 1.0, 1.0, 1.0, 0.999996, 0.999774, 0.998356, 0.987244, 0.962852, 0.906728, 0.678904, 0.472666, 0.226554, 0.116256, 0.038696, 0.0, 0.0, 0.0, 0.0, 0.0]"

Environment.URBAN_AREA_CELLULAR_RADIO,8e-06,4000000.0,64,"[1, 2, 3, 5, 7, 10, 20, 30, 50, 70, 100, 200, 300, 500, 700, 1000, 2000, 3000, 5000, 7000, 10000]","[1.0, 1.0, 1.0, 1.0, 0.99999, 0.999954, 0.998064, 0.990576, 0.95232, 0.890824, 0.781582, 0.478102, 0.290616, 0.120504, 0.055854, 0.016102, 0.0, 0.0, 0.0, 0.0, 0.0]"

Environment.URBAN_AREA_CELLULAR_RADIO,8e-06,4000000.0,256,"[1, 2, 3, 5, 7, 10, 20, 30, 50, 70, 100, 200, 300, 500, 700, 1000, 2000, 3000, 5000, 7000, 10000]","[1.0, 1.0, 1.0, 0.999994, 0.999912, 0.99943, 0.990028, 0.963168, 0.867496, 0.754724, 0.597098, 0.283428, 0.14837, 0.050908, 0.020664, 0.005334, 0.0, 0.0, 0.0, 0.0, 0.0]"

Environment.URBAN_AREA_CELLULAR_RADIO,8e-06,8000000.0,2,"[1, 2, 3, 5, 7, 10, 20, 30, 50, 70, 100, 200, 300, 500, 700, 1000, 2000, 3000, 5000, 7000, 10000]","[1.0, 1.0, 1.0, 1.0, 1.0, 1.0, 1.0, 0.999994, 0.999802, 0.999182, 0.995946, 0.958536, 0.807178, 0.467864, 0.280054, 0.112436, 0.0, 0.0, 0.0, 0.0, 0.0]"

Environment.URBAN_AREA_CELLULAR_RADIO,8e-06,8000000.0,4,"[1, 2, 3, 5, 7, 10, 20, 30, 50, 70, 100, 200, 300, 500, 700, 1000, 2000, 3000, 5000, 7000, 10000]","[1.0, 1.0, 1.0, 1.0, 1.0, 1.0, 0.999994, 0.999936, 0.999094, 0.99637, 0.986452, 0.90709, 0.73333, 0.409664, 0.237012, 0.090152, 0.0, 0.0, 0.0, 0.0, 0.0]"

Environment.URBAN_AREA_CELLULAR_RADIO,8e-06,8000000.0,16,"[1, 2, 3, 5, 7, 10, 20, 30, 50, 70, 100, 200, 300, 500, 700, 1000, 2000, 3000, 5000, 7000, 10000]","[1.0, 1.0, 1.0, 1.0, 1.0, 0.999998, 0.999914, 0.999322, 0.993672, 0.98023, 0.944576, 0.76595, 0.561418, 0.286426, 0.15343, 0.053678, 0.0, 0.0, 0.0, 0.0, 0.0]"

Environment.URBAN_AREA_CELLULAR_RADIO,8e-06,8000000.0,64,"[1, 2, 3, 5, 7, 10, 20, 30, 50, 70, 100, 200, 300, 500, 700, 1000, 2000, 3000, 5000, 7000, 10000]","[1.0, 1.0, 1.0, 1.0, 0.999998, 0.999982, 0.999246, 0.995812, 0.973846, 0.93272, 0.852194, 0.577472, 0.377884, 0.168982, 0.082206, 0.025758, 0.0, 0.0, 0.0, 0.0, 0.0]"

Environment.URBAN_AREA_CELLULAR_RADIO,8e-06,8000000.0,256,"[1, 2, 3, 5, 7, 10, 20, 30, 50, 70, 100, 200, 300, 500, 700, 1000, 2000, 3000, 5000, 7000, 10000]","[1.0, 1.0, 1.0, 0.999992, 0.999984, 0.999844, 0.995464, 0.98019, 0.917792, 0.831428, 0.696068, 0.37535, 0.213294, 0.080574, 0.034676, 0.00955, 0.0, 0.0, 0.0, 0.0, 0.0]"

Environment.URBAN_AREA_CELLULAR_RADIO,8e-06,16000000.0,2,"[1, 2, 3, 5, 7, 10, 20, 30, 50, 70, 100, 200, 300, 500, 700, 1000, 2000, 3000, 5000, 7000, 10000]","[1.0, 1.0, 1.0, 1.0, 1.0, 1.0, 1.0, 1.0, 0.999944, 0.999664, 0.998238, 0.977212, 0.838088, 0.494408, 0.300752, 0.122498, 0.0, 0.0, 0.0, 0.0, 0.0]"

Environment.URBAN_AREA_CELLULAR_RADIO,8e-06,16000000.0,4,"[1, 2, 3, 5, 7, 10, 20, 30, 50, 70, 100, 200, 300, 500, 700, 1000, 2000, 3000, 5000, 7000, 10000]","[1.0, 1.0, 1.0, 1.0, 1.0, 1.0, 1.0, 0.999972, 0.999702, 0.998592, 0.993722, 0.943544, 0.78344, 0.449864, 0.26543, 0.105512, 0.0, 0.0, 0.0, 0.0, 0.0]"

Environment.URBAN_AREA_CELLULAR_RADIO,8e-06,16000000.0,16,"[1, 2, 3, 5, 7, 10, 20, 30, 50, 70, 100, 200, 300, 500, 700, 1000, 2000, 3000, 5000, 7000, 10000]","[1.0, 1.0, 1.0, 1.0, 1.0, 1.0, 0.999982, 0.999764, 0.997334, 0.98994, 0.968572, 0.83735, 0.645752, 0.344392, 0.191186, 0.069482, 0.0, 0.0, 0.0, 0.0, 0.0]"

Environment.URBAN_AREA_CELLULAR_RADIO,8e-06,16000000.0,64,"[1, 2, 3, 5, 7, 10, 20, 30, 50, 70, 100, 200, 300, 500, 700, 1000, 2000, 3000, 5000, 7000, 10000]","[1.0, 1.0, 1.0, 1.0, 1.0, 0.999998, 0.999758, 0.998084, 0.986426, 0.962302, 0.90494, 0.675166, 0.470996, 0.22505, 0.114888, 0.037766, 0.0, 0.0, 0.0, 0.0, 0.0]"

Environment.URBAN_AREA_CELLULAR_RADIO,8e-06,16000000.0,256,"[1, 2, 3, 5, 7, 10, 20, 30, 50, 70, 100, 200, 300, 500, 700, 1000, 2000, 3000, 5000, 7000, 10000]","[1.0, 1.0, 1.0, 1.0, 0.999994, 0.999936, 0.998146, 0.990548, 0.95228, 0.890106, 0.782874, 0.477098, 0.291702, 0.121244, 0.05558, 0.016248, 0.0, 0.0, 0.0, 0.0, 0.0]"

Environment.SHADOWED_URBAN_CELLULAR_RADIO,4e-06,1000000.0,2,"[1, 2, 3, 5, 7, 10, 20, 30, 50, 70, 100, 200, 300, 500, 700, 1000, 2000, 3000, 5000, 7000, 10000]","[1.0, 1.0, 1.0, 1.0, 0.999992, 0.999754, 0.987682, 0.943094, 0.787786, 0.607466, 0.445934, 0.205864, 0.106276, 0.02506, 0.0, 0.0, 0.0, 0.0, 0.0, 0.0, 0.0]"

Environment.SHADOWED_URBAN_CELLULAR_RADIO,4e-06,1000000.0,4,"[1, 2, 3, 5, 7, 10, 20, 30, 50, 70, 100, 200, 300, 500, 700, 1000, 2000, 3000, 5000, 7000, 10000]","[1.0, 1.0, 1.0, 0.999992, 0.999922, 0.99903, 0.96866, 0.886722, 0.68582, 0.513882, 0.363264, 0.148976, 0.070334, 0.014464, 0.0, 0.0, 0.0, 0.0, 0.0, 0.0, 0.0]"

Environment.SHADOWED_URBAN_CELLULAR_RADIO,4e-06,1000000.0,16,"[1, 2, 3, 5, 7, 10, 20, 30, 50, 70, 100, 200, 300, 500, 700, 1000, 2000, 3000, 5000, 7000, 10000]","[1.0, 1.0, 1.0, 0.999922, 0.999138, 0.993678, 0.903342, 0.754104, 0.511626, 0.36073, 0.23335, 0.075094, 0.029836, 0.005152, 0.0, 0.0, 0.0, 0.0, 0.0, 0.0, 0.0]"

Environment.SHADOWED_URBAN_CELLULAR_RADIO,4e-06,1000000.0,64,"[1, 2, 3, 5, 7, 10, 20, 30, 50, 70, 100, 200, 300, 500, 700, 1000, 2000, 3000, 5000, 7000, 10000]","[1.0, 1.0, 0.999986, 0.999298, 0.995176, 0.974158, 0.791716, 0.597346, 0.35463, 0.228484, 0.1317, 0.032512, 0.01102, 0.00131, 0.0, 0.0, 0.0, 0.0, 0.0, 0.0, 0.0]"

Environment.SHADOWED_URBAN_CELLULAR_RADIO,4e-06,1000000.0,256,"[1, 2, 3, 5, 7, 10, 20, 30, 50, 70, 100, 200, 300, 500, 700, 1000, 2000, 3000, 5000, 7000, 10000]","[1.0, 0.999998, 0.999816, 0.996064, 0.979582, 0.921822, 0.637288, 0.427196, 0.218156, 0.126078, 0.062242, 0.011022, 0.00289, 0.000286, 0.0, 0.0, 0.0, 0.0, 0.0, 0.0, 0.0]"

Environment.SHADOWED_URBAN_CELLULAR_RADIO,4e-06,2000000.0,2,"[1, 2, 3, 5, 7, 10, 20, 30, 50, 70, 100, 200, 300, 500, 700, 1000, 2000, 3000, 5000, 7000, 10000]","[1.0, 1.0, 1.0, 1.0, 0.999996, 0.999946, 0.993546, 0.962408, 0.834144, 0.648958, 0.483674, 0.232476, 0.12558, 0.030538, 0.0, 0.0, 0.0, 0.0, 0.0, 0.0, 0.0]"

Environment.SHADOWED_URBAN_CELLULAR_RADIO,4e-06,2000000.0,4,"[1, 2, 3, 5, 7, 10, 20, 30, 50, 70, 100, 200, 300, 500, 700, 1000, 2000, 3000, 5000, 7000, 10000]","[1.0, 1.0, 1.0, 1.0, 0.999976, 0.99958, 0.980958, 0.921154, 0.743274, 0.567048, 0.409962, 0.178316, 0.08909, 0.019442, 0.0, 0.0, 0.0, 0.0, 0.0, 0.0, 0.0]"

Environment.SHADOWED_URBAN_CELLULAR_RADIO,4e-06,2000000.0,16,"[1, 2, 3, 5, 7, 10, 20, 30, 50, 70, 100, 200, 300, 500, 700, 1000, 2000, 3000, 5000, 7000, 10000]","[1.0, 1.0, 0.999998, 0.999968, 0.999628, 0.99667, 0.93355, 0.81038, 0.57966, 0.41899, 0.281532, 0.10219, 0.043398, 0.00785, 0.0, 0.0, 0.0, 0.0, 0.0, 0.0, 0.0]"

Environment.SHADOWED_URBAN_CELLULAR_RADIO,4e-06,2000000.0,64,"[1, 2, 3, 5, 7, 10, 20, 30, 50, 70, 100, 200, 300, 500, 700, 1000, 2000, 3000, 5000, 7000, 10000]","[1.0, 1.0, 0.999994, 0.999706, 0.997506, 0.984848, 0.84544, 0.667512, 0.420892, 0.283126, 0.172096, 0.0473, 0.017246, 0.002508, 0.0, 0.0, 0.0, 0.0, 0.0, 0.0, 0.0]"

Environment.SHADOWED_URBAN_CELLULAR_RADIO,4e-06,2000000.0,256,"[1, 2, 3, 5, 7, 10, 20, 30, 50, 70, 100, 200, 300, 500, 700, 1000, 2000, 3000, 5000, 7000, 10000]","[1.0, 1.0, 0.999942, 0.998124, 0.988438, 0.950244, 0.708494, 0.500862, 0.273416, 0.16695, 0.088338, 0.01807, 0.005266, 0.0006, 0.0, 0.0, 0.0, 0.0, 0.0, 0.0, 0.0]"

Environment.SHADOWED_URBAN_CELLULAR_RADIO,4e-06,4000000.0,2,"[1, 2, 3, 5, 7, 10, 20, 30, 50, 70, 100, 200, 300, 500, 700, 1000, 2000, 3000, 5000, 7000, 10000]","[1.0, 1.0, 1.0, 1.0, 0.999998, 0.999972, 0.99668, 0.977898, 0.877422, 0.688248, 0.520012, 0.259958, 0.143786, 0.037866, 0.0, 0.0, 0.0, 0.0, 0.0, 0.0, 0.0]"

Environment.SHADOWED_URBAN_CELLULAR_RADIO,4e-06,4000000.0,4,"[1, 2, 3, 5, 7, 10, 20, 30, 50, 70, 100, 200, 300, 500, 700, 1000, 2000, 3000, 5000, 7000, 10000]","[1.0, 1.0, 1.0, 0.999998, 0.99999, 0.999808, 0.98992, 0.94791, 0.801354, 0.619044, 0.456772, 0.2121, 0.1109, 0.02622, 0.0, 0.0, 0.0, 0.0, 0.0, 0.0, 0.0]"

Environment.SHADOWED_URBAN_CELLULAR_RADIO,4e-06,4000000.0,16,"[1, 2, 3, 5, 7, 10, 20, 30, 50, 70, 100, 200, 300, 500, 700, 1000, 2000, 3000, 5000, 7000, 10000]","[1.0, 1.0, 1.0, 0.99999, 0.999846, 0.998394, 0.959084, 0.863054, 0.649572, 0.483066, 0.335034, 0.13086, 0.060182, 0.012072, 0.0, 0.0, 0.0, 0.0, 0.0, 0.0, 0.0]"

Environment.SHADOWED_URBAN_CELLULAR_RADIO,4e-06,4000000.0,64,"[1, 2, 3, 5, 7, 10, 20, 30, 50, 70, 100, 200, 300, 500, 700, 1000, 2000, 3000, 5000, 7000, 10000]","[1.0, 1.0, 0.999996, 0.999902, 0.998862, 0.992178, 0.89274, 0.737926, 0.493428, 0.345434, 0.219948, 0.069338, 0.027386, 0.00432, 0.0, 0.0, 0.0, 0.0, 0.0, 0.0, 0.0]"

Environment.SHADOWED_URBAN_CELLULAR_RADIO,4e-06,4000000.0,256,"[1, 2, 3, 5, 7, 10, 20, 30, 50, 70, 100, 200, 300, 500, 700, 1000, 2000, 3000, 5000, 7000, 10000]","[1.0, 1.0, 0.999982, 0.999184, 0.994276, 0.971108, 0.778602, 0.580778, 0.340864, 0.219376, 0.124318, 0.029668, 0.009422, 0.001186, 0.0, 0.0, 0.0, 0.0, 0.0, 0.0, 0.0]"

Environment.SHADOWED_URBAN_CELLULAR_RADIO,4e-06,8000000.0,2,"[1, 2, 3, 5, 7, 10, 20, 30, 50, 70, 100, 200, 300, 500, 700, 1000, 2000, 3000, 5000, 7000, 10000]","[1.0, 1.0, 1.0, 1.0, 1.0, 0.999982, 0.998544, 0.98782, 0.912216, 0.720864, 0.547674, 0.28238, 0.162138, 0.044616, 0.0, 0.0, 0.0, 0.0, 0.0, 0.0, 0.0]"

Environment.SHADOWED_URBAN_CELLULAR_RADIO,4e-06,8000000.0,4,"[1, 2, 3, 5, 7, 10, 20, 30, 50, 70, 100, 200, 300, 500, 700, 1000, 2000, 3000, 5000, 7000, 10000]","[1.0, 1.0, 1.0, 1.0, 0.999998, 0.999928, 0.9948, 0.969338, 0.850178, 0.664942, 0.497378, 0.2421, 0.131012, 0.032936, 0.0, 0.0, 0.0, 0.0, 0.0, 0.0, 0.0]"

Environment.SHADOWED_URBAN_CELLULAR_RADIO,4e-06,8000000.0,16,"[1, 2, 3, 5, 7, 10, 20, 30, 50, 70, 100, 200, 300, 500, 700, 1000, 2000, 3000, 5000, 7000, 10000]","[1.0, 1.0, 1.0, 0.999998, 0.999946, 0.999382, 0.9762, 0.905742, 0.717832, 0.545212, 0.390364, 0.167488, 0.080652, 0.017502, 0.0, 0.0, 0.0, 0.0, 0.0, 0.0, 0.0]"

Environment.SHADOWED_URBAN_CELLULAR_RADIO,4e-06,8000000.0,64,"[1, 2, 3, 5, 7, 10, 20, 30, 50, 70, 100, 200, 300, 500, 700, 1000, 2000, 3000, 5000, 7000, 10000]","[1.0, 1.0, 1.0, 0.999972, 0.999562, 0.996262, 0.929976, 0.802642, 0.570106, 0.410284, 0.274914, 0.097328, 0.041356, 0.007256, 0.0, 0.0, 0.0, 0.0, 0.0, 0.0, 0.0]"

Environment.SHADOWED_URBAN_CELLULAR_RADIO,4e-06,8000000.0,256,"[1, 2, 3, 5, 7, 10, 20, 30, 50, 70, 100, 200, 300, 500, 700, 1000, 2000, 3000, 5000, 7000, 10000]","[1.0, 1.0, 0.999994, 0.999732, 0.997428, 0.984232, 0.84086, 0.660544, 0.414548, 0.277894, 0.167526, 0.046286, 0.01634, 0.002476, 0.0, 0.0, 0.0, 0.0, 0.0, 0.0, 0.0]"

Environment.SHADOWED_URBAN_CELLULAR_RADIO,4e-06,16000000.0,2,"[1, 2, 3, 5, 7, 10, 20, 30, 50, 70, 100, 200, 300, 500, 700, 1000, 2000, 3000, 5000, 7000, 10000]","[1.0, 1.0, 1.0, 1.0, 1.0, 1.0, 0.999386, 0.993938, 0.938056, 0.745458, 0.57018, 0.30195, 0.177046, 0.05027, 0.0, 0.0, 0.0, 0.0, 0.0, 0.0, 0.0]"

Environment.SHADOWED_URBAN_CELLULAR_RADIO,4e-06,16000000.0,4,"[1, 2, 3, 5, 7, 10, 20, 30, 50, 70, 100, 200, 300, 500, 700, 1000, 2000, 3000, 5000, 7000, 10000]","[1.0, 1.0, 1.0, 1.0, 0.999998, 0.99998, 0.997722, 0.982694, 0.892012, 0.702286, 0.532714, 0.26928, 0.151448, 0.040354, 0.0, 0.0, 0.0, 0.0, 0.0, 0.0, 0.0]"

Environment.SHADOWED_URBAN_CELLULAR_RADIO,4e-06,16000000.0,16,"[1, 2, 3, 5, 7, 10, 20, 30, 50, 70, 100, 200, 300, 500, 700, 1000, 2000, 3000, 5000, 7000, 10000]","[1.0, 1.0, 1.0, 1.0, 0.99998, 0.999762, 0.987386, 0.940104, 0.78263, 0.60058, 0.439934, 0.20089, 0.103244, 0.024302, 0.0, 0.0, 0.0, 0.0, 0.0, 0.0, 0.0]"

Environment.SHADOWED_URBAN_CELLULAR_RADIO,4e-06,16000000.0,64,"[1, 2, 3, 5, 7, 10, 20, 30, 50, 70, 100, 200, 300, 500, 700, 1000, 2000, 3000, 5000, 7000, 10000]","[1.0, 1.0, 1.0, 0.999984, 0.999816, 0.998336, 0.957866, 0.860188, 0.645394, 0.477106, 0.332434, 0.128682, 0.059268, 0.011566, 0.0, 0.0, 0.0, 0.0, 0.0, 0.0, 0.0]"

Environment.SHADOWED_URBAN_CELLULAR_RADIO,4e-06,16000000.0,256,"[1, 2, 3, 5, 7, 10, 20, 30, 50, 70, 100, 200, 300, 500, 700, 1000, 2000, 3000, 5000, 7000, 10000]","[1.0, 1.0, 1.0, 0.999874, 0.998854, 0.99194, 0.891564, 0.736614, 0.4919, 0.344, 0.219118, 0.06928, 0.027194, 0.004314, 0.0, 0.0, 0.0, 0.0, 0.0, 0.0, 0.0]"

Environment.SHADOWED_URBAN_CELLULAR_RADIO,8e-06,1000000.0,2,"[1, 2, 3, 5, 7, 10, 20, 30, 50, 70, 100, 200, 300, 500, 700, 1000, 2000, 3000, 5000, 7000, 10000]","[1.0, 1.0, 1.0, 0.999998, 0.999996, 0.99991, 0.99342, 0.962616, 0.833602, 0.64935, 0.48406, 0.23208, 0.125762, 0.03121, 0.0, 0.0, 0.0, 0.0, 0.0, 0.0, 0.0]"

Environment.SHADOWED_URBAN_CELLULAR_RADIO,8e-06,1000000.0,4,"[1, 2, 3, 5, 7, 10, 20, 30, 50, 70, 100, 200, 300, 500, 700, 1000, 2000, 3000, 5000, 7000, 10000]","[1.0, 1.0, 1.0, 1.0, 0.999976, 0.999544, 0.980992, 0.920298, 0.743502, 0.568236, 0.41017, 0.17889, 0.088326, 0.019936, 0.0, 0.0, 0.0, 0.0, 0.0, 0.0, 0.0]"

Environment.SHADOWED_URBAN_CELLULAR_RADIO,8e-06,1000000.0,16,"[1, 2, 3, 5, 7, 10, 20, 30, 50, 70, 100, 200, 300, 500, 700, 1000, 2000, 3000, 5000, 7000, 10000]","[1.0, 1.0, 1.0, 0.999966, 0.999612, 0.996696, 0.934326, 0.811706, 0.580112, 0.419942, 0.28144, 0.101312, 0.043032, 0.007896, 0.0, 0.0, 0.0, 0.0, 0.0, 0.0, 0.0]"

Environment.SHADOWED_URBAN_CELLULAR_RADIO,8e-06,1000000.0,64,"[1, 2, 3, 5, 7, 10, 20, 30, 50, 70, 100, 200, 300, 500, 700, 1000, 2000, 3000, 5000, 7000, 10000]","[1.0, 1.0, 1.0, 0.999748, 0.99757, 0.984962, 0.84514, 0.66734, 0.420364, 0.28378, 0.172178, 0.048306, 0.017276, 0.002534, 0.0, 0.0, 0.0, 0.0, 0.0, 0.0, 0.0]"

Environment.SHADOWED_URBAN_CELLULAR_RADIO,8e-06,1000000.0,256,"[1, 2, 3, 5, 7, 10, 20, 30, 50, 70, 100, 200, 300, 500, 700, 1000, 2000, 3000, 5000, 7000, 10000]","[1.0, 1.0, 0.99994, 0.998068, 0.988394, 0.95012, 0.709328, 0.499746, 0.273526, 0.166342, 0.088876, 0.018518, 0.00536, 0.000592, 0.0, 0.0, 0.0, 0.0, 0.0, 0.0, 0.0]"

Environment.SHADOWED_URBAN_CELLULAR_RADIO,8e-06,2000000.0,2,"[1, 2, 3, 5, 7, 10, 20, 30, 50, 70, 100, 200, 300, 500, 700, 1000, 2000, 3000, 5000, 7000, 10000]","[1.0, 1.0, 1.0, 1.0, 0.999998, 0.999964, 0.99674, 0.977902, 0.876726, 0.68757, 0.51914, 0.259784, 0.144814, 0.03776, 0.0, 0.0, 0.0, 0.0, 0.0, 0.0, 0.0]"

Environment.SHADOWED_URBAN_CELLULAR_RADIO,8e-06,2000000.0,4,"[1, 2, 3, 5, 7, 10, 20, 30, 50, 70, 100, 200, 300, 500, 700, 1000, 2000, 3000, 5000, 7000, 10000]","[1.0, 1.0, 1.0, 0.999998, 0.999992, 0.999856, 0.98995, 0.949014, 0.800374, 0.617594, 0.45671, 0.213224, 0.110932, 0.026176, 0.0, 0.0, 0.0, 0.0, 0.0, 0.0, 0.0]"

Environment.SHADOWED_URBAN_CELLULAR_RADIO,8e-06,2000000.0,16,"[1, 2, 3, 5, 7, 10, 20, 30, 50, 70, 100, 200, 300, 500, 700, 1000, 2000, 3000, 5000, 7000, 10000]","[1.0, 1.0, 1.0, 0.999994, 0.999852, 0.99856, 0.958546, 0.863106, 0.64918, 0.482638, 0.333982, 0.132064, 0.060332, 0.011992, 0.0, 0.0, 0.0, 0.0, 0.0, 0.0, 0.0]"

Environment.SHADOWED_URBAN_CELLULAR_RADIO,8e-06,2000000.0,64,"[1, 2, 3, 5, 7, 10, 20, 30, 50, 70, 100, 200, 300, 500, 700, 1000, 2000, 3000, 5000, 7000, 10000]","[1.0, 1.0, 0.999994, 0.99991, 0.998954, 0.992294, 0.892386, 0.738572, 0.493718, 0.345134, 0.220144, 0.068874, 0.027206, 0.0042, 0.0, 0.0, 0.0, 0.0, 0.0, 0.0, 0.0]"

Environment.SHADOWED_URBAN_CELLULAR_RADIO,8e-06,2000000.0,256,"[1, 2, 3, 5, 7, 10, 20, 30, 50, 70, 100, 200, 300, 500, 700, 1000, 2000, 3000, 5000, 7000, 10000]","[1.0, 0.999998, 0.99999, 0.999158, 0.994156, 0.970786, 0.77835, 0.581332, 0.340592, 0.218188, 0.12449, 0.029472, 0.009582, 0.001272, 0.0, 0.0, 0.0, 0.0, 0.0, 0.0, 0.0]"

Environment.SHADOWED_URBAN_CELLULAR_RADIO,8e-06,4000000.0,2,"[1, 2, 3, 5, 7, 10, 20, 30, 50, 70, 100, 200, 300, 500, 700, 1000, 2000, 3000, 5000, 7000, 10000]","[1.0, 1.0, 1.0, 1.0, 1.0, 0.999986, 0.998536, 0.98782, 0.91199, 0.720508, 0.54962, 0.283458, 0.161698, 0.044596, 0.0, 0.0, 0.0, 0.0, 0.0, 0.0, 0.0]"

Environment.SHADOWED_URBAN_CELLULAR_RADIO,8e-06,4000000.0,4,"[1, 2, 3, 5, 7, 10, 20, 30, 50, 70, 100, 200, 300, 500, 700, 1000, 2000, 3000, 5000, 7000, 10000]","[1.0, 1.0, 1.0, 1.0, 1.0, 0.999926, 0.995002, 0.96892, 0.850812, 0.665248, 0.49697, 0.244088, 0.13199, 0.033608, 0.0, 0.0, 0.0, 0.0, 0.0, 0.0, 0.0]"

Environment.SHADOWED_URBAN_CELLULAR_RADIO,8e-06,4000000.0,16,"[1, 2, 3, 5, 7, 10, 20, 30, 50, 70, 100, 200, 300, 500, 700, 1000, 2000, 3000, 5000, 7000, 10000]","[1.0, 1.0, 1.0, 0.999998, 0.999942, 0.999382, 0.975936, 0.906208, 0.719576, 0.54477, 0.388672, 0.166318, 0.080618, 0.017662, 0.0, 0.0, 0.0, 0.0, 0.0, 0.0, 0.0]"

Environment.SHADOWED_URBAN_CELLULAR_RADIO,8e-06,4000000.0,64,"[1, 2, 3, 5, 7, 10, 20, 30, 50, 70, 100, 200, 300, 500, 700, 1000, 2000, 3000, 5000, 7000, 10000]","[1.0, 1.0, 0.999998, 0.99997, 0.99959, 0.996156, 0.93004, 0.80331, 0.569852, 0.411276, 0.275334, 0.096944, 0.041094, 0.007468, 0.0, 0.0, 0.0, 0.0, 0.0, 0.0, 0.0]"

Environment.SHADOWED_URBAN_CELLULAR_RADIO,8e-06,4000000.0,256,"[1, 2, 3, 5, 7, 10, 20, 30, 50, 70, 100, 200, 300, 500, 700, 1000, 2000, 3000, 5000, 7000, 10000]","[1.0, 1.0, 1.0, 0.99968, 0.997336, 0.98387, 0.840214, 0.660816, 0.414326, 0.27841, 0.1685, 0.047008, 0.01654, 0.002376, 0.0, 0.0, 0.0, 0.0, 0.0, 0.0, 0.0]"

Environment.SHADOWED_URBAN_CELLULAR_RADIO,8e-06,8000000.0,2,"[1, 2, 3, 5, 7, 10, 20, 30, 50, 70, 100, 200, 300, 500, 700, 1000, 2000, 3000, 5000, 7000, 10000]","[1.0, 1.0, 1.0, 1.0, 1.0, 0.999998, 0.999358, 0.993824, 0.938496, 0.743804, 0.571288, 0.301958, 0.176746, 0.050574, 0.0, 0.0, 0.0, 0.0, 0.0, 0.0, 0.0]"

Environment.SHADOWED_URBAN_CELLULAR_RADIO,8e-06,8000000.0,4,"[1, 2, 3, 5, 7, 10, 20, 30, 50, 70, 100, 200, 300, 500, 700, 1000, 2000, 3000, 5000, 7000, 10000]","[1.0, 1.0, 1.0, 1.0, 1.0, 0.999984, 0.997624, 0.982482, 0.8914, 0.702414, 0.532988, 0.271202, 0.151726, 0.040514, 0.0, 0.0, 0.0, 0.0, 0.0, 0.0, 0.0]"

Environment.SHADOWED_URBAN_CELLULAR_RADIO,8e-06,8000000.0,16,"[1, 2, 3, 5, 7, 10, 20, 30, 50, 70, 100, 200, 300, 500, 700, 1000, 2000, 3000, 5000, 7000, 10000]","[1.0, 1.0, 1.0, 1.0, 0.999988, 0.99976, 0.987282, 0.939478, 0.781798, 0.601782, 0.4403, 0.200894, 0.10284, 0.023844, 0.0, 0.0, 0.0, 0.0, 0.0, 0.0, 0.0]"

Environment.SHADOWED_URBAN_CELLULAR_RADIO,8e-06,8000000.0,64,"[1, 2, 3, 5, 7, 10, 20, 30, 50, 70, 100, 200, 300, 500, 700, 1000, 2000, 3000, 5000, 7000, 10000]","[1.0, 1.0, 1.0, 0.999988, 0.999858, 0.99849, 0.957216, 0.859868, 0.64401, 0.477652, 0.332632, 0.129964, 0.059486, 0.011516, 0.0, 0.0, 0.0, 0.0, 0.0, 0.0, 0.0]"

Environment.SHADOWED_URBAN_CELLULAR_RADIO,8e-06,8000000.0,256,"[1, 2, 3, 5, 7, 10, 20, 30, 50, 70, 100, 200, 300, 500, 700, 1000, 2000, 3000, 5000, 7000, 10000]","[1.0, 1.0, 1.0, 0.999894, 0.998944, 0.992272, 0.892166, 0.736266, 0.491412, 0.342674, 0.219486, 0.069502, 0.026864, 0.00436, 0.0, 0.0, 0.0, 0.0, 0.0, 0.0, 0.0]"

Environment.SHADOWED_URBAN_CELLULAR_RADIO,8e-06,16000000.0,2,"[1, 2, 3, 5, 7, 10, 20, 30, 50, 70, 100, 200, 300, 500, 700, 1000, 2000, 3000, 5000, 7000, 10000]","[1.0, 1.0, 1.0, 1.0, 1.0, 1.0, 0.999744, 0.997132, 0.956862, 0.762404, 0.586504, 0.314478, 0.18711, 0.054832, 0.0, 0.0, 0.0, 0.0, 0.0, 0.0, 0.0]"

Environment.SHADOWED_URBAN_CELLULAR_RADIO,8e-06,16000000.0,4,"[1, 2, 3, 5, 7, 10, 20, 30, 50, 70, 100, 200, 300, 500, 700, 1000, 2000, 3000, 5000, 7000, 10000]","[1.0, 1.0, 1.0, 1.0, 1.0, 0.999996, 0.998982, 0.99097, 0.924738, 0.73271, 0.558624, 0.291632, 0.168488, 0.046922, 0.0, 0.0, 0.0, 0.0, 0.0, 0.0, 0.0]"

Environment.SHADOWED_URBAN_CELLULAR_RADIO,8e-06,16000000.0,16,"[1, 2, 3, 5, 7, 10, 20, 30, 50, 70, 100, 200, 300, 500, 700, 1000, 2000, 3000, 5000, 7000, 10000]","[1.0, 1.0, 1.0, 1.0, 1.0, 0.999918, 0.993502, 0.963728, 0.83662, 0.652456, 0.486284, 0.234684, 0.126714, 0.031038, 0.0, 0.0, 0.0, 0.0, 0.0, 0.0, 0.0]"

Environment.SHADOWED_URBAN_CELLULAR_RADIO,8e-06,16000000.0,64,"[1, 2, 3, 5, 7, 10, 20, 30, 50, 70, 100, 200, 300, 500, 700, 1000, 2000, 3000, 5000, 7000, 10000]","[1.0, 1.0, 1.0, 1.0, 0.999956, 0.999314, 0.975362, 0.904796, 0.717756, 0.54143, 0.388036, 0.165196, 0.080796, 0.017046, 0.0, 0.0, 0.0, 0.0, 0.0, 0.0, 0.0]"

Environment.SHADOWED_URBAN_CELLULAR_RADIO,8e-06,16000000.0,256,"[1, 2, 3, 5, 7, 10, 20, 30, 50, 70, 100, 200, 300, 500, 700, 1000, 2000, 3000, 5000, 7000, 10000]","[1.0, 1.0, 1.0, 0.99995, 0.999568, 0.996332, 0.929886, 0.80405, 0.57165, 0.410126, 0.275256, 0.097248, 0.040836, 0.007258, 0.0, 0.0, 0.0, 0.0, 0.0, 0.0, 0.0]"

Environment.IN_BUILDING_LINE,4e-06,1000000.0,2,"[1, 2, 3, 5, 7, 10, 20, 30, 50, 70, 100, 200, 300, 500, 700, 1000, 2000, 3000, 5000, 7000, 10000]","[1.0, 1.0, 1.0, 1.0, 1.0, 1.0, 1.0, 1.0, 1.0, 1.0, 1.0, 0.99996, 0.999898, 0.999632, 0.998992, 0.99778, 0.98987, 0.978452, 0.950748, 0.920614, 0.874622]"

Environment.IN_BUILDING_LINE,4e-06,1000000.0,4,"[1, 2, 3, 5, 7, 10, 20, 30, 50, 70, 100, 200, 300, 500, 700, 1000, 2000, 3000, 5000, 7000, 10000]","[1.0, 1.0, 1.0, 1.0, 1.0, 1.0, 1.0, 1.0, 1.0, 1.0, 0.999988, 0.999818, 0.99943, 0.998186, 0.995956, 0.991558, 0.968902, 0.942374, 0.885582, 0.831406, 0.75733]"

Environment.IN_BUILDING_LINE,4e-06,1000000.0,16,"[1, 2, 3, 5, 7, 10, 20, 30, 50, 70, 100, 200, 300, 500, 700, 1000, 2000, 3000, 5000, 7000, 10000]","[1.0, 1.0, 1.0, 1.0, 1.0, 1.0, 1.0, 0.999994, 0.999954, 0.99988, 0.99968, 0.998106, 0.995174, 0.98723, 0.975848, 0.956648, 0.88554, 0.81956, 0.705116, 0.619174, 0.517708]"

Environment.IN_BUILDING_LINE,4e-06,1000000.0,64,"[1, 2, 3, 5, 7, 10, 20, 30, 50, 70, 100, 200, 300, 500, 700, 1000, 2000, 3000, 5000, 7000, 10000]","[1.0, 1.0, 1.0, 1.0, 1.0, 0.999996, 0.999974, 0.9999, 0.999546, 0.99901, 0.997532, 0.989224, 0.977572, 0.94795, 0.916202, 0.869652, 0.7321, 0.626396, 0.482342, 0.387634, 0.29571]"

Environment.IN_BUILDING_LINE,4e-06,1000000.0,256,"[1, 2, 3, 5, 7, 10, 20, 30, 50, 70, 100, 200, 300, 500, 700, 1000, 2000, 3000, 5000, 7000, 10000]","[1.0, 1.0, 1.0, 1.0, 0.999984, 0.999964, 0.999682, 0.999082, 0.996986, 0.993646, 0.986596, 0.956774, 0.922108, 0.852294, 0.789086, 0.707304, 0.51632, 0.40285, 0.269456, 0.195396, 0.133818]"

Environment.IN_BUILDING_LINE,4e-06,2000000.0,2,"[1, 2, 3, 5, 7, 10, 20, 30, 50, 70, 100, 200, 300, 500, 700, 1000, 2000, 3000, 5000, 7000, 10000]","[1.0, 1.0, 1.0, 1.0, 1.0, 1.0, 1.0, 1.0, 1.0, 1.0, 0.999998, 0.999984, 0.999964, 0.999778, 0.999598, 0.999094, 0.994858, 0.988448, 0.971566, 0.950902, 0.919014]"

Environment.IN_BUILDING_LINE,4e-06,2000000.0,4,"[1, 2, 3, 5, 7, 10, 20, 30, 50, 70, 100, 200, 300, 500, 700, 1000, 2000, 3000, 5000, 7000, 10000]","[1.0, 1.0, 1.0, 1.0, 1.0, 1.0, 1.0, 1.0, 1.0, 0.999998, 0.999988, 0.999932, 0.9998, 0.99908, 0.998074, 0.995826, 0.98316, 0.965932, 0.92521, 0.886164, 0.829344]"

Environment.IN_BUILDING_LINE,4e-06,2000000.0,16,"[1, 2, 3, 5, 7, 10, 20, 30, 50, 70, 100, 200, 300, 500, 700, 1000, 2000, 3000, 5000, 7000, 10000]","[1.0, 1.0, 1.0, 1.0, 1.0, 1.0, 1.0, 0.999992, 0.999986, 0.999948, 0.999894, 0.999242, 0.997844, 0.993032, 0.986628, 0.975208, 0.927688, 0.877134, 0.784264, 0.709026, 0.615162]"

Environment.IN_BUILDING_LINE,4e-06,2000000.0,64,"[1, 2, 3, 5, 7, 10, 20, 30, 50, 70, 100, 200, 300, 500, 700, 1000, 2000, 3000, 5000, 7000, 10000]","[1.0, 1.0, 1.0, 1.0, 1.0, 0.999998, 0.999986, 0.99994, 0.999832, 0.999576, 0.998964, 0.99474, 0.98791, 0.970052, 0.94826, 0.914626, 0.807206, 0.71619, 0.580814, 0.48628, 0.3845]"

Environment.IN_BUILDING_LINE,4e-06,2000000.0,256,"[1, 2, 3, 5, 7, 10, 20, 30, 50, 70, 100, 200, 300, 500, 700, 1000, 2000, 3000, 5000, 7000, 10000]","[1.0, 1.0, 1.0, 0.999998, 0.999994, 0.999978, 0.999858, 0.999566, 0.998678, 0.99684, 0.99352, 0.97558, 0.952736, 0.90268, 0.854076, 0.786396, 0.614384, 0.499626, 0.356954, 0.272064, 0.193168]"

Environment.IN_BUILDING_LINE,4e-06,4000000.0,2,"[1, 2, 3, 5, 7, 10, 20, 30, 50, 70, 100, 200, 300, 500, 700, 1000, 2000, 3000, 5000, 7000, 10000]","[1.0, 1.0, 1.0, 1.0, 1.0, 1.0, 1.0, 1.0, 1.0, 1.0, 1.0, 1.0, 0.999986, 0.999944, 0.999828, 0.999586, 0.997802, 0.99476, 0.985012, 0.973118, 0.95198]"

Environment.IN_BUILDING_LINE,4e-06,4000000.0,4,"[1, 2, 3, 5, 7, 10, 20, 30, 50, 70, 100, 200, 300, 500, 700, 1000, 2000, 3000, 5000, 7000, 10000]","[1.0, 1.0, 1.0, 1.0, 1.0, 1.0, 1.0, 1.0, 1.0, 1.0, 1.0, 0.999982, 0.999918, 0.999702, 0.999268, 0.998152, 0.991408, 0.981936, 0.956744, 0.929356, 0.887984]"

Environment.IN_BUILDING_LINE,4e-06,4000000.0,16,"[1, 2, 3, 5, 7, 10, 20, 30, 50, 70, 100, 200, 300, 500, 700, 1000, 2000, 3000, 5000, 7000, 10000]","[1.0, 1.0, 1.0, 1.0, 1.0, 1.0, 1.0, 0.999998, 0.999998, 0.99998, 0.999968, 0.999662, 0.999072, 0.99689, 0.993742, 0.987154, 0.957462, 0.92363, 0.855856, 0.792384, 0.711932]"

Environment.IN_BUILDING_LINE,4e-06,4000000.0,64,"[1, 2, 3, 5, 7, 10, 20, 30, 50, 70, 100, 200, 300, 500, 700, 1000, 2000, 3000, 5000, 7000, 10000]","[1.0, 1.0, 1.0, 1.0, 1.0, 1.0, 1.0, 0.999988, 0.99991, 0.99989, 0.99955, 0.997532, 0.99423, 0.98427, 0.971392, 0.950044, 0.872344, 0.800208, 0.681322, 0.592526, 0.490594]"

Environment.IN_BUILDING_LINE,4e-06,4000000.0,256,"[1, 2, 3, 5, 7, 10, 20, 30, 50, 70, 100, 200, 300, 500, 700, 1000, 2000, 3000, 5000, 7000, 10000]","[1.0, 1.0, 1.0, 1.0, 0.999998, 0.999998, 0.999972, 0.999854, 0.999466, 0.998722, 0.997028, 0.987374, 0.973818, 0.942384, 0.907584, 0.85648, 0.71322, 0.60595, 0.46183, 0.367572, 0.276198]"

Environment.IN_BUILDING_LINE,4e-06,8000000.0,2,"[1, 2, 3, 5, 7, 10, 20, 30, 50, 70, 100, 200, 300, 500, 700, 1000, 2000, 3000, 5000, 7000, 10000]","[1.0, 1.0, 1.0, 1.0, 1.0, 1.0, 1.0, 1.0, 1.0, 1.0, 1.0, 1.0, 1.0, 0.999986, 0.999954, 0.999844, 0.999108, 0.997612, 0.992876, 0.986302, 0.974086]"

Environment.IN_BUILDING_LINE,4e-06,8000000.0,4,"[1, 2, 3, 5, 7, 10, 20, 30, 50, 70, 100, 200, 300, 500, 700, 1000, 2000, 3000, 5000, 7000, 10000]","[1.0, 1.0, 1.0, 1.0, 1.0, 1.0, 1.0, 1.0, 1.0, 1.0, 1.0, 0.99999, 0.999966, 0.999878, 0.999694, 0.999258, 0.996, 0.991136, 0.976918, 0.96012, 0.932348]"

Environment.IN_BUILDING_LINE,4e-06,8000000.0,16,"[1, 2, 3, 5, 7, 10, 20, 30, 50, 70, 100, 200, 300, 500, 700, 1000, 2000, 3000, 5000, 7000, 10000]","[1.0, 1.0, 1.0, 1.0, 1.0, 1.0, 0.999998, 1.0, 1.0, 1.0, 0.999986, 0.999876, 0.999612, 0.998688, 0.997262, 0.994116, 0.977602, 0.956176, 0.911032, 0.86304, 0.798988]"

Environment.IN_BUILDING_LINE,4e-06,8000000.0,64,"[1, 2, 3, 5, 7, 10, 20, 30, 50, 70, 100, 200, 300, 500, 700, 1000, 2000, 3000, 5000, 7000, 10000]","[1.0, 1.0, 1.0, 1.0, 1.0, 1.0, 1.0, 1.0, 0.999984, 0.999956, 0.999878, 0.999126, 0.99751, 0.992438, 0.985368, 0.973022, 0.92175, 0.869406, 0.774058, 0.694814, 0.601684]"

Environment.IN_BUILDING_LINE,4e-06,8000000.0,256,"[1, 2, 3, 5, 7, 10, 20, 30, 50, 70, 100, 200, 300, 500, 700, 1000, 2000, 3000, 5000, 7000, 10000]","[1.0, 1.0, 1.0, 0.999998, 1.0, 0.999998, 0.999986, 0.999936, 0.999798, 0.999498, 0.998794, 0.994366, 0.987328, 0.96798, 0.946052, 0.911362, 0.80062, 0.710022, 0.571086, 0.476348, 0.377552]"

Environment.IN_BUILDING_LINE,4e-06,16000000.0,2,"[1, 2, 3, 5, 7, 10, 20, 30, 50, 70, 100, 200, 300, 500, 700, 1000, 2000, 3000, 5000, 7000, 10000]","[1.0, 1.0, 1.0, 1.0, 1.0, 1.0, 1.0, 1.0, 1.0, 1.0, 1.0, 1.0, 1.0, 0.999996, 0.999994, 0.999966, 0.999644, 0.999136, 0.996946, 0.993728, 0.986754]"

Environment.IN_BUILDING_LINE,4e-06,16000000.0,4,"[1, 2, 3, 5, 7, 10, 20, 30, 50, 70, 100, 200, 300, 500, 700, 1000, 2000, 3000, 5000, 7000, 10000]","[1.0, 1.0, 1.0, 1.0, 1.0, 1.0, 1.0, 1.0, 1.0, 1.0, 1.0, 1.0, 0.99999, 0.999964, 0.999908, 0.999758, 0.998576, 0.996076, 0.988788, 0.979592, 0.962374]"

Environment.IN_BUILDING_LINE,4e-06,16000000.0,16,"[1, 2, 3, 5, 7, 10, 20, 30, 50, 70, 100, 200, 300, 500, 700, 1000, 2000, 3000, 5000, 7000, 10000]","[1.0, 1.0, 1.0, 1.0, 1.0, 1.0, 1.0, 1.0, 1.0, 1.0, 0.999992, 0.999972, 0.999884, 0.999506, 0.99899, 0.997578, 0.988854, 0.977236, 0.947828, 0.91631, 0.86995]"

Environment.IN_BUILDING_LINE,4e-06,16000000.0,64,"[1, 2, 3, 5, 7, 10, 20, 30, 50, 70, 100, 200, 300, 500, 700, 1000, 2000, 3000, 5000, 7000, 10000]","[1.0, 1.0, 1.0, 1.0, 1.0, 1.0, 1.0, 1.0, 0.999992, 0.999984, 0.99996, 0.99971, 0.999004, 0.996838, 0.993298, 0.986792, 0.956406, 0.9206, 0.851336, 0.787396, 0.704536]"

Environment.IN_BUILDING_LINE,4e-06,16000000.0,256,"[1, 2, 3, 5, 7, 10, 20, 30, 50, 70, 100, 200, 300, 500, 700, 1000, 2000, 3000, 5000, 7000, 10000]","[1.0, 1.0, 1.0, 1.0, 1.0, 1.0, 0.999998, 0.99999, 0.999954, 0.999838, 0.99955, 0.997514, 0.993868, 0.983966, 0.971186, 0.949224, 0.87097, 0.79932, 0.680334, 0.588144, 0.489148]"

Environment.IN_BUILDING_LINE,8e-06,1000000.0,2,"[1, 2, 3, 5, 7, 10, 20, 30, 50, 70, 100, 200, 300, 500, 700, 1000, 2000, 3000, 5000, 7000, 10000]","[1.0, 1.0, 1.0, 1.0, 1.0, 1.0, 1.0, 1.0, 1.0, 1.0, 0.999998, 0.999994, 0.999966, 0.999852, 0.999586, 0.998958, 0.994784, 0.988506, 0.970984, 0.951004, 0.91855]"

Environment.IN_BUILDING_LINE,8e-06,1000000.0,4,"[1, 2, 3, 5, 7, 10, 20, 30, 50, 70, 100, 200, 300, 500, 700, 1000, 2000, 3000, 5000, 7000, 10000]","[1.0, 1.0, 1.0, 1.0, 1.0, 1.0, 1.0, 1.0, 1.0, 1.0, 0.999988, 0.999918, 0.999752, 0.999134, 0.998038, 0.995716, 0.983202, 0.96589, 0.926444, 0.886138, 0.828368]"

Environment.IN_BUILDING_LINE,8e-06,1000000.0,16,"[1, 2, 3, 5, 7, 10, 20, 30, 50, 70, 100, 200, 300, 500, 700, 1000, 2000, 3000, 5000, 7000, 10000]","[1.0, 1.0, 1.0, 1.0, 1.0, 1.0, 1.0, 0.999998, 0.99999, 0.999964, 0.99989, 0.999204, 0.997912, 0.993252, 0.98678, 0.975402, 0.927136, 0.87696, 0.7856, 0.70881, 0.615224]"

Environment.IN_BUILDING_LINE,8e-06,1000000.0,64,"[1, 2, 3, 5, 7, 10, 20, 30, 50, 70, 100, 200, 300, 500, 700, 1000, 2000, 3000, 5000, 7000, 10000]","[1.0, 1.0, 1.0, 1.0, 1.0, 1.0, 0.99999, 0.99997, 0.999814, 0.999528, 0.998908, 0.994662, 0.987938, 0.969754, 0.948364, 0.915216, 0.808054, 0.717296, 0.580976, 0.484806, 0.384848]"

Environment.IN_BUILDING_LINE,8e-06,1000000.0,256,"[1, 2, 3, 5, 7, 10, 20, 30, 50, 70, 100, 200, 300, 500, 700, 1000, 2000, 3000, 5000, 7000, 10000]","[1.0, 1.0, 1.0, 0.999998, 0.999994, 0.999982, 0.999858, 0.999618, 0.998624, 0.996962, 0.993616, 0.975734, 0.95244, 0.903256, 0.85394, 0.785994, 0.615018, 0.499938, 0.357664, 0.26918, 0.194506]"

Environment.IN_BUILDING_LINE,8e-06,2000000.0,2,"[1, 2, 3, 5, 7, 10, 20, 30, 50, 70, 100, 200, 300, 500, 700, 1000, 2000, 3000, 5000, 7000, 10000]","[1.0, 1.0, 1.0, 1.0, 1.0, 1.0, 1.0, 1.0, 1.0, 1.0, 1.0, 0.999998, 0.999992, 0.999954, 0.999866, 0.999618, 0.99781, 0.994474, 0.984788, 0.973178, 0.952894]"

Environment.IN_BUILDING_LINE,8e-06,2000000.0,4,"[1, 2, 3, 5, 7, 10, 20, 30, 50, 70, 100, 200, 300, 500, 700, 1000, 2000, 3000, 5000, 7000, 10000]","[1.0, 1.0, 1.0, 1.0, 1.0, 1.0, 1.0, 1.0, 1.0, 0.999998, 0.999994, 0.999966, 0.999936, 0.99968, 0.999252, 0.99816, 0.99147, 0.981712, 0.957444, 0.929938, 0.887546]"

Environment.IN_BUILDING_LINE,8e-06,2000000.0,16,"[1, 2, 3, 5, 7, 10, 20, 30, 50, 70, 100, 200, 300, 500, 700, 1000, 2000, 3000, 5000, 7000, 10000]","[1.0, 1.0, 1.0, 1.0, 1.0, 1.0, 1.0, 0.999998, 0.999998, 0.99999, 0.999954, 0.999676, 0.999058, 0.996922, 0.99362, 0.987154, 0.958062, 0.92347, 0.855318, 0.792058, 0.71093]"

Environment.IN_BUILDING_LINE,8e-06,2000000.0,64,"[1, 2, 3, 5, 7, 10, 20, 30, 50, 70, 100, 200, 300, 500, 700, 1000, 2000, 3000, 5000, 7000, 10000]","[1.0, 1.0, 1.0, 1.0, 1.0, 1.0, 0.999996, 0.99999, 0.999938, 0.999824, 0.999624, 0.99767, 0.994136, 0.984528, 0.971724, 0.94946, 0.872818, 0.7999, 0.683176, 0.591908, 0.491446]"

Environment.IN_BUILDING_LINE,8e-06,2000000.0,256,"[1, 2, 3, 5, 7, 10, 20, 30, 50, 70, 100, 200, 300, 500, 700, 1000, 2000, 3000, 5000, 7000, 10000]","[1.0, 1.0, 1.0, 1.0, 1.0, 1.0, 0.99995, 0.999884, 0.999514, 0.998734, 0.997078, 0.98759, 0.974098, 0.941254, 0.907608, 0.856376, 0.714072, 0.60633, 0.460732, 0.367494, 0.276432]"

Environment.IN_BUILDING_LINE,8e-06,4000000.0,2,"[1, 2, 3, 5, 7, 10, 20, 30, 50, 70, 100, 200, 300, 500, 700, 1000, 2000, 3000, 5000, 7000, 10000]","[1.0, 1.0, 1.0, 1.0, 1.0, 1.0, 1.0, 1.0, 1.0, 1.0, 0.999998, 0.999998, 1.0, 0.999984, 0.99996, 0.99986, 0.999118, 0.99758, 0.992922, 0.986292, 0.974148]"

Environment.IN_BUILDING_LINE,8e-06,4000000.0,4,"[1, 2, 3, 5, 7, 10, 20, 30, 50, 70, 100, 200, 300, 500, 700, 1000, 2000, 3000, 5000, 7000, 10000]","[1.0, 1.0, 1.0, 1.0, 1.0, 1.0, 1.0, 1.0, 1.0, 1.0, 0.999996, 0.999994, 0.999976, 0.999886, 0.99971, 0.999254, 0.996158, 0.99092, 0.97755, 0.960242, 0.933094]"

Environment.IN_BUILDING_LINE,8e-06,4000000.0,16,"[1, 2, 3, 5, 7, 10, 20, 30, 50, 70, 100, 200, 300, 500, 700, 1000, 2000, 3000, 5000, 7000, 10000]","[1.0, 1.0, 1.0, 1.0, 1.0, 1.0, 1.0, 1.0, 0.999998, 0.999998, 0.999984, 0.999884, 0.999644, 0.998726, 0.997282, 0.994066, 0.977854, 0.956696, 0.910008, 0.862852, 0.798096]"

Environment.IN_BUILDING_LINE,8e-06,4000000.0,64,"[1, 2, 3, 5, 7, 10, 20, 30, 50, 70, 100, 200, 300, 500, 700, 1000, 2000, 3000, 5000, 7000, 10000]","[1.0, 1.0, 1.0, 1.0, 1.0, 1.0, 0.999998, 0.999994, 0.99997, 0.99995, 0.999844, 0.999084, 0.997552, 0.992602, 0.985516, 0.97282, 0.922348, 0.870268, 0.774722, 0.694916, 0.600534]"

Environment.IN_BUILDING_LINE,8e-06,4000000.0,256,"[1, 2, 3, 5, 7, 10, 20, 30, 50, 70, 100, 200, 300, 500, 700, 1000, 2000, 3000, 5000, 7000, 10000]","[1.0, 1.0, 1.0, 1.0, 1.0, 1.0, 0.99999, 0.999966, 0.999832, 0.999496, 0.998768, 0.994182, 0.986794, 0.96831, 0.94594, 0.910974, 0.79977, 0.710062, 0.571902, 0.475036, 0.375874]"

Environment.IN_BUILDING_LINE,8e-06,8000000.0,2,"[1, 2, 3, 5, 7, 10, 20, 30, 50, 70, 100, 200, 300, 500, 700, 1000, 2000, 3000, 5000, 7000, 10000]","[1.0, 1.0, 1.0, 1.0, 1.0, 1.0, 1.0, 1.0, 1.0, 1.0, 1.0, 1.0, 0.999996, 0.999996, 0.999992, 0.999948, 0.99965, 0.999106, 0.996896, 0.993868, 0.987206]"

Environment.IN_BUILDING_LINE,8e-06,8000000.0,4,"[1, 2, 3, 5, 7, 10, 20, 30, 50, 70, 100, 200, 300, 500, 700, 1000, 2000, 3000, 5000, 7000, 10000]","[1.0, 1.0, 1.0, 1.0, 1.0, 1.0, 1.0, 1.0, 1.0, 1.0, 1.0, 1.0, 0.999998, 0.999968, 0.999918, 0.999752, 0.998488, 0.996064, 0.988814, 0.979124, 0.962464]"

Environment.IN_BUILDING_LINE,8e-06,8000000.0,16,"[1, 2, 3, 5, 7, 10, 20, 30, 50, 70, 100, 200, 300, 500, 700, 1000, 2000, 3000, 5000, 7000, 10000]","[1.0, 1.0, 1.0, 1.0, 1.0, 1.0, 1.0, 1.0, 1.0, 0.999992, 0.999998, 0.999966, 0.999888, 0.999534, 0.998916, 0.997388, 0.989024, 0.977036, 0.948752, 0.91635, 0.869722]"

Environment.IN_BUILDING_LINE,8e-06,8000000.0,64,"[1, 2, 3, 5, 7, 10, 20, 30, 50, 70, 100, 200, 300, 500, 700, 1000, 2000, 3000, 5000, 7000, 10000]","[1.0, 1.0, 1.0, 1.0, 1.0, 1.0, 1.0, 1.0, 0.999996, 0.999992, 0.999956, 0.999666, 0.99899, 0.996732, 0.993206, 0.986292, 0.956364, 0.920776, 0.850914, 0.788112, 0.704666]"

Environment.IN_BUILDING_LINE,8e-06,8000000.0,256,"[1, 2, 3, 5, 7, 10, 20, 30, 50, 70, 100, 200, 300, 500, 700, 1000, 2000, 3000, 5000, 7000, 10000]","[1.0, 1.0, 1.0, 1.0, 1.0, 1.0, 0.999994, 0.999986, 0.999926, 0.999836, 0.999508, 0.997522, 0.994258, 0.983898, 0.971006, 0.949014, 0.870452, 0.798112, 0.680024, 0.58894, 0.48913]"

Environment.IN_BUILDING_LINE,8e-06,16000000.0,2,"[1, 2, 3, 5, 7, 10, 20, 30, 50, 70, 100, 200, 300, 500, 700, 1000, 2000, 3000, 5000, 7000, 10000]","[1.0, 1.0, 1.0, 1.0, 1.0, 1.0, 1.0, 1.0, 1.0, 1.0, 1.0, 1.0, 1.0, 1.0, 1.0, 0.999996, 0.999914, 0.999674, 0.998822, 0.997384, 0.994112]"

Environment.IN_BUILDING_LINE,8e-06,16000000.0,4,"[1, 2, 3, 5, 7, 10, 20, 30, 50, 70, 100, 200, 300, 500, 700, 1000, 2000, 3000, 5000, 7000, 10000]","[1.0, 1.0, 1.0, 1.0, 1.0, 1.0, 1.0, 1.0, 1.0, 1.0, 1.0, 1.0, 1.0, 0.999986, 0.999954, 0.999932, 0.999434, 0.998382, 0.995072, 0.990156, 0.980824]"

Environment.IN_BUILDING_LINE,8e-06,16000000.0,16,"[1, 2, 3, 5, 7, 10, 20, 30, 50, 70, 100, 200, 300, 500, 700, 1000, 2000, 3000, 5000, 7000, 10000]","[1.0, 1.0, 1.0, 1.0, 1.0, 1.0, 1.0, 1.0, 1.0, 1.0, 1.0, 0.999996, 0.999974, 0.999828, 0.999586, 0.998956, 0.995302, 0.98912, 0.972242, 0.952206, 0.9208]"

Environment.IN_BUILDING_LINE,8e-06,16000000.0,64,"[1, 2, 3, 5, 7, 10, 20, 30, 50, 70, 100, 200, 300, 500, 700, 1000, 2000, 3000, 5000, 7000, 10000]","[1.0, 1.0, 1.0, 1.0, 1.0, 1.0, 1.0, 1.0, 0.999998, 0.999996, 0.99998, 0.999894, 0.999606, 0.998752, 0.99716, 0.993824, 0.977332, 0.955506, 0.908212, 0.86124, 0.79673]"

Environment.IN_BUILDING_LINE,8e-06,16000000.0,256,"[1, 2, 3, 5, 7, 10, 20, 30, 50, 70, 100, 200, 300, 500, 700, 1000, 2000, 3000, 5000, 7000, 10000]","[1.0, 1.0, 1.0, 1.0, 1.0, 1.0, 1.0, 0.999998, 0.999972, 0.999958, 0.99988, 0.999036, 0.997556, 0.99259, 0.98572, 0.97318, 0.922308, 0.869766, 0.775582, 0.697994, 0.60255]"

Environment.OBSTRUCTED_IN_BUILDING,4e-06,1000000.0,2,"[1, 2, 3, 5, 7, 10, 20, 30, 50, 70, 100, 200, 300, 500, 700, 1000, 2000, 3000, 5000, 7000, 10000]","[1.0, 1.0, 1.0, 0.99999, 0.999688, 0.99555, 0.87821, 0.63312, 0.303902, 0.150944, 0.044722, 0.0, 0.0, 0.0, 0.0, 0.0, 0.0, 0.0, 0.0, 0.0, 0.0]"

Environment.OBSTRUCTED_IN_BUILDING,4e-06,1000000.0,4,"[1, 2, 3, 5, 7, 10, 20, 30, 50, 70, 100, 200, 300, 500, 700, 1000, 2000, 3000, 5000, 7000, 10000]","[1.0, 1.0, 1.0, 0.99993, 0.998592, 0.985636, 0.786276, 0.51964, 0.224968, 0.102114, 0.026934, 0.0, 0.0, 0.0, 0.0, 0.0, 0.0, 0.0, 0.0, 0.0, 0.0]"

Environment.OBSTRUCTED_IN_BUILDING,4e-06,1000000.0,16,"[1, 2, 3, 5, 7, 10, 20, 30, 50, 70, 100, 200, 300, 500, 700, 1000, 2000, 3000, 5000, 7000, 10000]","[1.0, 0.999998, 0.999984, 0.99903, 0.990782, 0.943922, 0.603844, 0.342346, 0.118534, 0.045076, 0.009878, 0.0, 0.0, 0.0, 0.0, 0.0, 0.0, 0.0, 0.0, 0.0, 0.0]"

Environment.OBSTRUCTED_IN_BUILDING,4e-06,1000000.0,64,"[1, 2, 3, 5, 7, 10, 20, 30, 50, 70, 100, 200, 300, 500, 700, 1000, 2000, 3000, 5000, 7000, 10000]","[1.0, 1.0, 0.999894, 0.994422, 0.964772, 0.85667, 0.41952, 0.19807, 0.053126, 0.016626, 0.002804, 0.0, 0.0, 0.0, 0.0, 0.0, 0.0, 0.0, 0.0, 0.0, 0.0]"

Environment.OBSTRUCTED_IN_BUILDING,4e-06,1000000.0,256,"[1, 2, 3, 5, 7, 10, 20, 30, 50, 70, 100, 200, 300, 500, 700, 1000, 2000, 3000, 5000, 7000, 10000]","[1.0, 0.999974, 0.999126, 0.97695, 0.898652, 0.712124, 0.253448, 0.09665, 0.01888, 0.004538, 0.000688, 0.0, 0.0, 0.0, 0.0, 0.0, 0.0, 0.0, 0.0, 0.0, 0.0]"

Environment.OBSTRUCTED_IN_BUILDING,4e-06,2000000.0,2,"[1, 2, 3, 5, 7, 10, 20, 30, 50, 70, 100, 200, 300, 500, 700, 1000, 2000, 3000, 5000, 7000, 10000]","[1.0, 1.0, 1.0, 0.999994, 0.999874, 0.997668, 0.91612, 0.685648, 0.343396, 0.179592, 0.055712, 0.0, 0.0, 0.0, 0.0, 0.0, 0.0, 0.0, 0.0, 0.0, 0.0]"

Environment.OBSTRUCTED_IN_BUILDING,4e-06,2000000.0,4,"[1, 2, 3, 5, 7, 10, 20, 30, 50, 70, 100, 200, 300, 500, 700, 1000, 2000, 3000, 5000, 7000, 10000]","[1.0, 1.0, 1.0, 0.999976, 0.99934, 0.992072, 0.841116, 0.584374, 0.268478, 0.12901, 0.036128, 0.0, 0.0, 0.0, 0.0, 0.0, 0.0, 0.0, 0.0, 0.0, 0.0]"

Environment.OBSTRUCTED_IN_BUILDING,4e-06,2000000.0,16,"[1, 2, 3, 5, 7, 10, 20, 30, 50, 70, 100, 200, 300, 500, 700, 1000, 2000, 3000, 5000, 7000, 10000]","[1.0, 1.0, 0.999998, 0.999604, 0.995068, 0.965062, 0.678724, 0.408636, 0.156358, 0.06366, 0.014604, 0.0, 0.0, 0.0, 0.0, 0.0, 0.0, 0.0, 0.0, 0.0, 0.0]"

Environment.OBSTRUCTED_IN_BUILDING,4e-06,2000000.0,64,"[1, 2, 3, 5, 7, 10, 20, 30, 50, 70, 100, 200, 300, 500, 700, 1000, 2000, 3000, 5000, 7000, 10000]","[1.0, 1.0, 0.999958, 0.99735, 0.979278, 0.900742, 0.497658, 0.254754, 0.075904, 0.02539, 0.004954, 0.0, 0.0, 0.0, 0.0, 0.0, 0.0, 0.0, 0.0, 0.0, 0.0]"

Environment.OBSTRUCTED_IN_BUILDING,4e-06,2000000.0,256,"[1, 2, 3, 5, 7, 10, 20, 30, 50, 70, 100, 200, 300, 500, 700, 1000, 2000, 3000, 5000, 7000, 10000]","[1.0, 0.999996, 0.999656, 0.987356, 0.933466, 0.781278, 0.321392, 0.13554, 0.030632, 0.008188, 0.00128, 0.0, 0.0, 0.0, 0.0, 0.0, 0.0, 0.0, 0.0, 0.0, 0.0]"

Environment.OBSTRUCTED_IN_BUILDING,4e-06,4000000.0,2,"[1, 2, 3, 5, 7, 10, 20, 30, 50, 70, 100, 200, 300, 500, 700, 1000, 2000, 3000, 5000, 7000, 10000]","[1.0, 1.0, 1.0, 0.999996, 0.999954, 0.999016, 0.945578, 0.734272, 0.380644, 0.205738, 0.068022, 0.0, 0.0, 0.0, 0.0, 0.0, 0.0, 0.0, 0.0, 0.0, 0.0]"

Environment.OBSTRUCTED_IN_BUILDING,4e-06,4000000.0,4,"[1, 2, 3, 5, 7, 10, 20, 30, 50, 70, 100, 200, 300, 500, 700, 1000, 2000, 3000, 5000, 7000, 10000]","[1.0, 1.0, 1.0, 0.999996, 0.99974, 0.99623, 0.888986, 0.6465, 0.31522, 0.158544, 0.047738, 0.0, 0.0, 0.0, 0.0, 0.0, 0.0, 0.0, 0.0, 0.0, 0.0]"

Environment.OBSTRUCTED_IN_BUILDING,4e-06,4000000.0,16,"[1, 2, 3, 5, 7, 10, 20, 30, 50, 70, 100, 200, 300, 500, 700, 1000, 2000, 3000, 5000, 7000, 10000]","[1.0, 1.0, 1.0, 0.99984, 0.9978, 0.980406, 0.75349, 0.48278, 0.200082, 0.08739, 0.022, 0.0, 0.0, 0.0, 0.0, 0.0, 0.0, 0.0, 0.0, 0.0, 0.0]"

Environment.OBSTRUCTED_IN_BUILDING,4e-06,4000000.0,64,"[1, 2, 3, 5, 7, 10, 20, 30, 50, 70, 100, 200, 300, 500, 700, 1000, 2000, 3000, 5000, 7000, 10000]","[1.0, 1.0, 0.99999, 0.998922, 0.98926, 0.936122, 0.583624, 0.323758, 0.108984, 0.04058, 0.008414, 0.0, 0.0, 0.0, 0.0, 0.0, 0.0, 0.0, 0.0, 0.0, 0.0]"

Environment.OBSTRUCTED_IN_BUILDING,4e-06,4000000.0,256,"[1, 2, 3, 5, 7, 10, 20, 30, 50, 70, 100, 200, 300, 500, 700, 1000, 2000, 3000, 5000, 7000, 10000]","[1.0, 0.999996, 0.999856, 0.99361, 0.960358, 0.844926, 0.402744, 0.185526, 0.047914, 0.014244, 0.002378, 0.0, 0.0, 0.0, 0.0, 0.0, 0.0, 0.0, 0.0, 0.0, 0.0]"

Environment.OBSTRUCTED_IN_BUILDING,4e-06,8000000.0,2,"[1, 2, 3, 5, 7, 10, 20, 30, 50, 70, 100, 200, 300, 500, 700, 1000, 2000, 3000, 5000, 7000, 10000]","[1.0, 1.0, 1.0, 1.0, 0.999982, 0.999612, 0.96778, 0.773626, 0.413684, 0.230244, 0.079076, 0.0, 0.0, 0.0, 0.0, 0.0, 0.0, 0.0, 0.0, 0.0, 0.0]"

Environment.OBSTRUCTED_IN_BUILDING,4e-06,8000000.0,4,"[1, 2, 3, 5, 7, 10, 20, 30, 50, 70, 100, 200, 300, 500, 700, 1000, 2000, 3000, 5000, 7000, 10000]","[1.0, 1.0, 1.0, 0.999998, 0.999914, 0.99839, 0.927214, 0.70517, 0.358296, 0.189902, 0.060248, 0.0, 0.0, 0.0, 0.0, 0.0, 0.0, 0.0, 0.0, 0.0, 0.0]"

Environment.OBSTRUCTED_IN_BUILDING,4e-06,8000000.0,16,"[1, 2, 3, 5, 7, 10, 20, 30, 50, 70, 100, 200, 300, 500, 700, 1000, 2000, 3000, 5000, 7000, 10000]","[1.0, 1.0, 1.0, 0.999954, 0.999096, 0.989742, 0.818732, 0.556518, 0.25009, 0.116078, 0.03239, 0.0, 0.0, 0.0, 0.0, 0.0, 0.0, 0.0, 0.0, 0.0, 0.0]"

Environment.OBSTRUCTED_IN_BUILDING,4e-06,8000000.0,64,"[1, 2, 3, 5, 7, 10, 20, 30, 50, 70, 100, 200, 300, 500, 700, 1000, 2000, 3000, 5000, 7000, 10000]","[1.0, 1.0, 0.999996, 0.999596, 0.994824, 0.963036, 0.666704, 0.39809, 0.150174, 0.060038, 0.013788, 0.0, 0.0, 0.0, 0.0, 0.0, 0.0, 0.0, 0.0, 0.0, 0.0]"

Environment.OBSTRUCTED_IN_BUILDING,4e-06,8000000.0,256,"[1, 2, 3, 5, 7, 10, 20, 30, 50, 70, 100, 200, 300, 500, 700, 1000, 2000, 3000, 5000, 7000, 10000]","[1.0, 0.999998, 0.99995, 0.997174, 0.978426, 0.897856, 0.488756, 0.248754, 0.07452, 0.024856, 0.004568, 0.0, 0.0, 0.0, 0.0, 0.0, 0.0, 0.0, 0.0, 0.0, 0.0]"

Environment.OBSTRUCTED_IN_BUILDING,4e-06,16000000.0,2,"[1, 2, 3, 5, 7, 10, 20, 30, 50, 70, 100, 200, 300, 500, 700, 1000, 2000, 3000, 5000, 7000, 10000]","[1.0, 1.0, 1.0, 0.999998, 0.999998, 0.999836, 0.982114, 0.804384, 0.43916, 0.250056, 0.0888, 0.0, 0.0, 0.0, 0.0, 0.0, 0.0, 0.0, 0.0, 0.0, 0.0]"

Environment.OBSTRUCTED_IN_BUILDING,4e-06,16000000.0,4,"[1, 2, 3, 5, 7, 10, 20, 30, 50, 70, 100, 200, 300, 500, 700, 1000, 2000, 3000, 5000, 7000, 10000]","[1.0, 1.0, 1.0, 1.0, 0.999974, 0.9993, 0.955344, 0.752782, 0.395608, 0.217364, 0.07221, 0.0, 0.0, 0.0, 0.0, 0.0, 0.0, 0.0, 0.0, 0.0, 0.0]"

Environment.OBSTRUCTED_IN_BUILDING,4e-06,16000000.0,16,"[1, 2, 3, 5, 7, 10, 20, 30, 50, 70, 100, 200, 300, 500, 700, 1000, 2000, 3000, 5000, 7000, 10000]","[1.0, 1.0, 1.0, 0.999986, 0.999596, 0.995276, 0.874214, 0.627772, 0.299386, 0.148768, 0.043522, 0.0, 0.0, 0.0, 0.0, 0.0, 0.0, 0.0, 0.0, 0.0, 0.0]"

Environment.OBSTRUCTED_IN_BUILDING,4e-06,16000000.0,64,"[1, 2, 3, 5, 7, 10, 20, 30, 50, 70, 100, 200, 300, 500, 700, 1000, 2000, 3000, 5000, 7000, 10000]","[1.0, 1.0, 1.0, 0.999854, 0.997566, 0.979894, 0.74645, 0.47682, 0.196246, 0.086822, 0.021588, 0.0, 0.0, 0.0, 0.0, 0.0, 0.0, 0.0, 0.0, 0.0, 0.0]"

Environment.OBSTRUCTED_IN_BUILDING,4e-06,16000000.0,256,"[1, 2, 3, 5, 7, 10, 20, 30, 50, 70, 100, 200, 300, 500, 700, 1000, 2000, 3000, 5000, 7000, 10000]","[1.0, 0.999998, 0.999986, 0.998754, 0.988942, 0.936592, 0.582704, 0.322016, 0.108548, 0.03997, 0.008394, 0.0, 0.0, 0.0, 0.0, 0.0, 0.0, 0.0, 0.0, 0.0, 0.0]"

Environment.OBSTRUCTED_IN_BUILDING,8e-06,1000000.0,2,"[1, 2, 3, 5, 7, 10, 20, 30, 50, 70, 100, 200, 300, 500, 700, 1000, 2000, 3000, 5000, 7000, 10000]","[1.0, 1.0, 1.0, 0.999984, 0.999876, 0.997778, 0.915456, 0.685578, 0.345184, 0.180154, 0.055948, 0.0, 0.0, 0.0, 0.0, 0.0, 0.0, 0.0, 0.0, 0.0, 0.0]"

Environment.OBSTRUCTED_IN_BUILDING,8e-06,1000000.0,4,"[1, 2, 3, 5, 7, 10, 20, 30, 50, 70, 100, 200, 300, 500, 700, 1000, 2000, 3000, 5000, 7000, 10000]","[1.0, 1.0, 1.0, 0.99997, 0.99938, 0.992214, 0.841158, 0.584512, 0.268874, 0.12969, 0.035924, 0.0, 0.0, 0.0, 0.0, 0.0, 0.0, 0.0, 0.0, 0.0, 0.0]"

Environment.OBSTRUCTED_IN_BUILDING,8e-06,1000000.0,16,"[1, 2, 3, 5, 7, 10, 20, 30, 50, 70, 100, 200, 300, 500, 700, 1000, 2000, 3000, 5000, 7000, 10000]","[1.0, 1.0, 0.999998, 0.999606, 0.995222, 0.965444, 0.678888, 0.409476, 0.155882, 0.063184, 0.01485, 0.0, 0.0, 0.0, 0.0, 0.0, 0.0, 0.0, 0.0, 0.0, 0.0]"

Environment.OBSTRUCTED_IN_BUILDING,8e-06,1000000.0,64,"[1, 2, 3, 5, 7, 10, 20, 30, 50, 70, 100, 200, 300, 500, 700, 1000, 2000, 3000, 5000, 7000, 10000]","[1.0, 1.0, 0.999954, 0.997228, 0.97964, 0.900316, 0.498712, 0.25499, 0.076722, 0.02589, 0.004968, 0.0, 0.0, 0.0, 0.0, 0.0, 0.0, 0.0, 0.0, 0.0, 0.0]"

Environment.OBSTRUCTED_IN_BUILDING,8e-06,1000000.0,256,"[1, 2, 3, 5, 7, 10, 20, 30, 50, 70, 100, 200, 300, 500, 700, 1000, 2000, 3000, 5000, 7000, 10000]","[1.0, 0.99999, 0.999668, 0.987278, 0.933802, 0.781656, 0.322842, 0.135684, 0.030584, 0.008416, 0.001172, 0.0, 0.0, 0.0, 0.0, 0.0, 0.0, 0.0, 0.0, 0.0, 0.0]"

Environment.OBSTRUCTED_IN_BUILDING,8e-06,2000000.0,2,"[1, 2, 3, 5, 7, 10, 20, 30, 50, 70, 100, 200, 300, 500, 700, 1000, 2000, 3000, 5000, 7000, 10000]","[1.0, 1.0, 1.0, 0.999998, 0.999962, 0.999072, 0.945472, 0.733794, 0.381088, 0.206808, 0.06764, 0.0, 0.0, 0.0, 0.0, 0.0, 0.0, 0.0, 0.0, 0.0, 0.0]"

Environment.OBSTRUCTED_IN_BUILDING,8e-06,2000000.0,4,"[1, 2, 3, 5, 7, 10, 20, 30, 50, 70, 100, 200, 300, 500, 700, 1000, 2000, 3000, 5000, 7000, 10000]","[1.0, 1.0, 1.0, 0.99999, 0.999744, 0.996232, 0.889168, 0.647498, 0.314582, 0.158806, 0.0474, 0.0, 0.0, 0.0, 0.0, 0.0, 0.0, 0.0, 0.0, 0.0, 0.0]"

Environment.OBSTRUCTED_IN_BUILDING,8e-06,2000000.0,16,"[1, 2, 3, 5, 7, 10, 20, 30, 50, 70, 100, 200, 300, 500, 700, 1000, 2000, 3000, 5000, 7000, 10000]","[1.0, 1.0, 1.0, 0.999844, 0.997822, 0.980314, 0.751754, 0.482574, 0.199926, 0.088318, 0.022574, 0.0, 0.0, 0.0, 0.0, 0.0, 0.0, 0.0, 0.0, 0.0, 0.0]"

Environment.OBSTRUCTED_IN_BUILDING,8e-06,2000000.0,64,"[1, 2, 3, 5, 7, 10, 20, 30, 50, 70, 100, 200, 300, 500, 700, 1000, 2000, 3000, 5000, 7000, 10000]","[1.0, 1.0, 0.999986, 0.998826, 0.98906, 0.937108, 0.583026, 0.323434, 0.108734, 0.040386, 0.008718, 0.0, 0.0, 0.0, 0.0, 0.0, 0.0, 0.0, 0.0, 0.0, 0.0]"

Environment.OBSTRUCTED_IN_BUILDING,8e-06,2000000.0,256,"[1, 2, 3, 5, 7, 10, 20, 30, 50, 70, 100, 200, 300, 500, 700, 1000, 2000, 3000, 5000, 7000, 10000]","[1.0, 1.0, 0.999846, 0.99338, 0.960046, 0.845168, 0.40285, 0.185646, 0.048044, 0.014404, 0.002484, 0.0, 0.0, 0.0, 0.0, 0.0, 0.0, 0.0, 0.0, 0.0, 0.0]"

Environment.OBSTRUCTED_IN_BUILDING,8e-06,4000000.0,2,"[1, 2, 3, 5, 7, 10, 20, 30, 50, 70, 100, 200, 300, 500, 700, 1000, 2000, 3000, 5000, 7000, 10000]","[1.0, 1.0, 1.0, 1.0, 0.999992, 0.999612, 0.967324, 0.773852, 0.413908, 0.2298, 0.078394, 0.0, 0.0, 0.0, 0.0, 0.0, 0.0, 0.0, 0.0, 0.0, 0.0]"

Environment.OBSTRUCTED_IN_BUILDING,8e-06,4000000.0,4,"[1, 2, 3, 5, 7, 10, 20, 30, 50, 70, 100, 200, 300, 500, 700, 1000, 2000, 3000, 5000, 7000, 10000]","[1.0, 1.0, 1.0, 0.999998, 0.99991, 0.998426, 0.927612, 0.705228, 0.358418, 0.188638, 0.06021, 0.0, 0.0, 0.0, 0.0, 0.0, 0.0, 0.0, 0.0, 0.0, 0.0]"

Environment.OBSTRUCTED_IN_BUILDING,8e-06,4000000.0,16,"[1, 2, 3, 5, 7, 10, 20, 30, 50, 70, 100, 200, 300, 500, 700, 1000, 2000, 3000, 5000, 7000, 10000]","[1.0, 1.0, 1.0, 0.999944, 0.9991, 0.989884, 0.817852, 0.558108, 0.249436, 0.117212, 0.03203, 0.0, 0.0, 0.0, 0.0, 0.0, 0.0, 0.0, 0.0, 0.0, 0.0]"

Environment.OBSTRUCTED_IN_BUILDING,8e-06,4000000.0,64,"[1, 2, 3, 5, 7, 10, 20, 30, 50, 70, 100, 200, 300, 500, 700, 1000, 2000, 3000, 5000, 7000, 10000]","[1.0, 1.0, 0.999996, 0.999598, 0.994626, 0.96292, 0.668284, 0.397854, 0.14897, 0.06011, 0.013856, 0.0, 0.0, 0.0, 0.0, 0.0, 0.0, 0.0, 0.0, 0.0, 0.0]"

Environment.OBSTRUCTED_IN_BUILDING,8e-06,4000000.0,256,"[1, 2, 3, 5, 7, 10, 20, 30, 50, 70, 100, 200, 300, 500, 700, 1000, 2000, 3000, 5000, 7000, 10000]","[1.0, 0.999998, 0.999936, 0.997156, 0.978372, 0.897652, 0.490178, 0.248676, 0.073382, 0.02444, 0.004584, 0.0, 0.0, 0.0, 0.0, 0.0, 0.0, 0.0, 0.0, 0.0, 0.0]"

Environment.OBSTRUCTED_IN_BUILDING,8e-06,8000000.0,2,"[1, 2, 3, 5, 7, 10, 20, 30, 50, 70, 100, 200, 300, 500, 700, 1000, 2000, 3000, 5000, 7000, 10000]","[1.0, 1.0, 1.0, 1.0, 0.999994, 0.99988, 0.982084, 0.805044, 0.438724, 0.250218, 0.088946, 0.0, 0.0, 0.0, 0.0, 0.0, 0.0, 0.0, 0.0, 0.0, 0.0]"

Environment.OBSTRUCTED_IN_BUILDING,8e-06,8000000.0,4,"[1, 2, 3, 5, 7, 10, 20, 30, 50, 70, 100, 200, 300, 500, 700, 1000, 2000, 3000, 5000, 7000, 10000]","[1.0, 1.0, 1.0, 1.0, 0.999968, 0.999366, 0.955366, 0.750736, 0.39633, 0.21588, 0.0724, 0.0, 0.0, 0.0, 0.0, 0.0, 0.0, 0.0, 0.0, 0.0, 0.0]"

Environment.OBSTRUCTED_IN_BUILDING,8e-06,8000000.0,16,"[1, 2, 3, 5, 7, 10, 20, 30, 50, 70, 100, 200, 300, 500, 700, 1000, 2000, 3000, 5000, 7000, 10000]","[1.0, 1.0, 1.0, 0.999984, 0.999704, 0.995224, 0.874016, 0.626614, 0.29931, 0.148422, 0.043658, 0.0, 0.0, 0.0, 0.0, 0.0, 0.0, 0.0, 0.0, 0.0, 0.0]"

Environment.OBSTRUCTED_IN_BUILDING,8e-06,8000000.0,64,"[1, 2, 3, 5, 7, 10, 20, 30, 50, 70, 100, 200, 300, 500, 700, 1000, 2000, 3000, 5000, 7000, 10000]","[1.0, 1.0, 1.0, 0.999836, 0.997786, 0.979824, 0.747554, 0.47652, 0.196858, 0.086154, 0.021444, 0.0, 0.0, 0.0, 0.0, 0.0, 0.0, 0.0, 0.0, 0.0, 0.0]"

Environment.OBSTRUCTED_IN_BUILDING,8e-06,8000000.0,256,"[1, 2, 3, 5, 7, 10, 20, 30, 50, 70, 100, 200, 300, 500, 700, 1000, 2000, 3000, 5000, 7000, 10000]","[1.0, 0.999998, 0.999984, 0.998842, 0.988738, 0.93605, 0.583282, 0.323264, 0.108394, 0.040742, 0.008398, 0.0, 0.0, 0.0, 0.0, 0.0, 0.0, 0.0, 0.0, 0.0, 0.0]"

Environment.OBSTRUCTED_IN_BUILDING,8e-06,16000000.0,2,"[1, 2, 3, 5, 7, 10, 20, 30, 50, 70, 100, 200, 300, 500, 700, 1000, 2000, 3000, 5000, 7000, 10000]","[1.0, 1.0, 1.0, 1.0, 0.999998, 0.999938, 0.99063, 0.825326, 0.456954, 0.263976, 0.097012, 0.0, 0.0, 0.0, 0.0, 0.0, 0.0, 0.0, 0.0, 0.0, 0.0]"

Environment.OBSTRUCTED_IN_BUILDING,8e-06,16000000.0,4,"[1, 2, 3, 5, 7, 10, 20, 30, 50, 70, 100, 200, 300, 500, 700, 1000, 2000, 3000, 5000, 7000, 10000]","[1.0, 1.0, 1.0, 1.0, 0.99999, 0.999742, 0.974534, 0.78838, 0.426286, 0.239522, 0.083586, 0.0, 0.0, 0.0, 0.0, 0.0, 0.0, 0.0, 0.0, 0.0, 0.0]"

Environment.OBSTRUCTED_IN_BUILDING,8e-06,16000000.0,16,"[1, 2, 3, 5, 7, 10, 20, 30, 50, 70, 100, 200, 300, 500, 700, 1000, 2000, 3000, 5000, 7000, 10000]","[1.0, 1.0, 1.0, 0.999992, 0.999844, 0.997846, 0.917022, 0.690056, 0.346878, 0.180626, 0.05641, 0.0, 0.0, 0.0, 0.0, 0.0, 0.0, 0.0, 0.0, 0.0, 0.0]"

Environment.OBSTRUCTED_IN_BUILDING,8e-06,16000000.0,64,"[1, 2, 3, 5, 7, 10, 20, 30, 50, 70, 100, 200, 300, 500, 700, 1000, 2000, 3000, 5000, 7000, 10000]","[1.0, 1.0, 1.0, 0.99996, 0.999084, 0.989376, 0.816098, 0.554914, 0.24782, 0.116164, 0.031446, 0.0, 0.0, 0.0, 0.0, 0.0, 0.0, 0.0, 0.0, 0.0, 0.0]"

Environment.OBSTRUCTED_IN_BUILDING,8e-06,16000000.0,256,"[1, 2, 3, 5, 7, 10, 20, 30, 50, 70, 100, 200, 300, 500, 700, 1000, 2000, 3000, 5000, 7000, 10000]","[1.0, 1.0, 0.999998, 0.999496, 0.994892, 0.963088, 0.668054, 0.399866, 0.150568, 0.060216, 0.01433, 0.0, 0.0, 0.0, 0.0, 0.0, 0.0, 0.0, 0.0, 0.0, 0.0]"

Environment.OBSTRUCTED_IN_FACTORY,4e-06,1000000.0,2,"[1, 2, 3, 5, 7, 10, 20, 30, 50, 70, 100, 200, 300, 500, 700, 1000, 2000, 3000, 5000, 7000, 10000]","[1.0, 1.0, 1.0, 1.0, 1.0, 1.0, 0.999998, 0.99997, 0.999676, 0.99874, 0.995394, 0.96856, 0.926278, 0.830822, 0.733506, 0.593472, 0.365756, 0.258192, 0.148646, 0.0914, 0.044868]"

Environment.OBSTRUCTED_IN_FACTORY,4e-06,1000000.0,4,"[1, 2, 3, 5, 7, 10, 20, 30, 50, 70, 100, 200, 300, 500, 700, 1000, 2000, 3000, 5000, 7000, 10000]","[1.0, 1.0, 1.0, 1.0, 1.0, 1.0, 0.99997, 0.999802, 0.998434, 0.995104, 0.98567, 0.928462, 0.856378, 0.723572, 0.614064, 0.485078, 0.278908, 0.18595, 0.09931, 0.057962, 0.026884]"

Environment.OBSTRUCTED_IN_FACTORY,4e-06,1000000.0,16,"[1, 2, 3, 5, 7, 10, 20, 30, 50, 70, 100, 200, 300, 500, 700, 1000, 2000, 3000, 5000, 7000, 10000]","[1.0, 1.0, 1.0, 1.0, 0.999996, 0.99999, 0.999626, 0.99826, 0.990098, 0.975324, 0.944182, 0.815048, 0.699166, 0.529742, 0.418858, 0.31087, 0.154332, 0.093852, 0.043552, 0.022566, 0.009578]"

Environment.OBSTRUCTED_IN_FACTORY,4e-06,1000000.0,64,"[1, 2, 3, 5, 7, 10, 20, 30, 50, 70, 100, 200, 300, 500, 700, 1000, 2000, 3000, 5000, 7000, 10000]","[1.0, 1.0, 1.0, 0.999992, 0.999952, 0.999832, 0.997374, 0.990354, 0.963428, 0.92374, 0.857256, 0.654792, 0.516056, 0.34983, 0.256922, 0.176972, 0.073256, 0.038728, 0.015422, 0.007334, 0.002828]"

Environment.OBSTRUCTED_IN_FACTORY,4e-06,1000000.0,256,"[1, 2, 3, 5, 7, 10, 20, 30, 50, 70, 100, 200, 300, 500, 700, 1000, 2000, 3000, 5000, 7000, 10000]","[1.0, 1.0, 0.999994, 0.99994, 0.999642, 0.998754, 0.987664, 0.963632, 0.895316, 0.819152, 0.712196, 0.468692, 0.334734, 0.199068, 0.134272, 0.083986, 0.02791, 0.013334, 0.004286, 0.001878, 0.00058]"

Environment.OBSTRUCTED_IN_FACTORY,4e-06,2000000.0,2,"[1, 2, 3, 5, 7, 10, 20, 30, 50, 70, 100, 200, 300, 500, 700, 1000, 2000, 3000, 5000, 7000, 10000]","[1.0, 1.0, 1.0, 1.0, 1.0, 1.0, 0.999998, 0.999988, 0.999864, 0.999414, 0.997674, 0.981322, 0.951726, 0.877644, 0.78862, 0.645134, 0.408944, 0.295936, 0.175182, 0.110854, 0.055602]"

Environment.OBSTRUCTED_IN_FACTORY,4e-06,2000000.0,4,"[1, 2, 3, 5, 7, 10, 20, 30, 50, 70, 100, 200, 300, 500, 700, 1000, 2000, 3000, 5000, 7000, 10000]","[1.0, 1.0, 1.0, 1.0, 1.0, 1.0, 0.999992, 0.999914, 0.999284, 0.997634, 0.992162, 0.954394, 0.899044, 0.785528, 0.681128, 0.545142, 0.327682, 0.22604, 0.125322, 0.076036, 0.036494]"

Environment.OBSTRUCTED_IN_FACTORY,4e-06,2000000.0,16,"[1, 2, 3, 5, 7, 10, 20, 30, 50, 70, 100, 200, 300, 500, 700, 1000, 2000, 3000, 5000, 7000, 10000]","[1.0, 1.0, 1.0, 1.0, 1.0, 0.999984, 0.999846, 0.999148, 0.994798, 0.986136, 0.96499, 0.867086, 0.765882, 0.605092, 0.492696, 0.376096, 0.198002, 0.125566, 0.060914, 0.034034, 0.014592]"

Environment.OBSTRUCTED_IN_FACTORY,4e-06,2000000.0,64,"[1, 2, 3, 5, 7, 10, 20, 30, 50, 70, 100, 200, 300, 500, 700, 1000, 2000, 3000, 5000, 7000, 10000]","[1.0, 1.0, 1.0, 0.999996, 0.999994, 0.999924, 0.998868, 0.994958, 0.97825, 0.951298, 0.90098, 0.729008, 0.5953, 0.424634, 0.322516, 0.229514, 0.10281, 0.058272, 0.024952, 0.012436, 0.004982]"

Environment.OBSTRUCTED_IN_FACTORY,4e-06,2000000.0,256,"[1, 2, 3, 5, 7, 10, 20, 30, 50, 70, 100, 200, 300, 500, 700, 1000, 2000, 3000, 5000, 7000, 10000]","[1.0, 1.0, 1.0, 0.999968, 0.999872, 0.999506, 0.993318, 0.97883, 0.930878, 0.872476, 0.781638, 0.551488, 0.411632, 0.261316, 0.182648, 0.118836, 0.044168, 0.021928, 0.007846, 0.003374, 0.001294]"

Environment.OBSTRUCTED_IN_FACTORY,4e-06,4000000.0,2,"[1, 2, 3, 5, 7, 10, 20, 30, 50, 70, 100, 200, 300, 500, 700, 1000, 2000, 3000, 5000, 7000, 10000]","[1.0, 1.0, 1.0, 1.0, 1.0, 1.0, 1.0, 0.999998, 0.999938, 0.99978, 0.998938, 0.990168, 0.971248, 0.917236, 0.838302, 0.693218, 0.450804, 0.330446, 0.201378, 0.13102, 0.06668]"

Environment.OBSTRUCTED_IN_FACTORY,4e-06,4000000.0,4,"[1, 2, 3, 5, 7, 10, 20, 30, 50, 70, 100, 200, 300, 500, 700, 1000, 2000, 3000, 5000, 7000, 10000]","[1.0, 1.0, 1.0, 1.0, 1.0, 1.0, 0.999996, 0.999968, 0.99972, 0.99904, 0.99621, 0.972226, 0.933594, 0.844016, 0.74576, 0.607204, 0.37702, 0.267752, 0.154954, 0.096014, 0.047456]"

Environment.OBSTRUCTED_IN_FACTORY,4e-06,4000000.0,16,"[1, 2, 3, 5, 7, 10, 20, 30, 50, 70, 100, 200, 300, 500, 700, 1000, 2000, 3000, 5000, 7000, 10000]","[1.0, 1.0, 1.0, 1.0, 1.0, 1.0, 0.999954, 0.999676, 0.997552, 0.993152, 0.980216, 0.910002, 0.828644, 0.68417, 0.573446, 0.446032, 0.249818, 0.164444, 0.084752, 0.049176, 0.02212]"

Environment.OBSTRUCTED_IN_FACTORY,4e-06,4000000.0,64,"[1, 2, 3, 5, 7, 10, 20, 30, 50, 70, 100, 200, 300, 500, 700, 1000, 2000, 3000, 5000, 7000, 10000]","[1.0, 1.0, 1.0, 1.0, 1.0, 0.999974, 0.999444, 0.997794, 0.988612, 0.971584, 0.936522, 0.798898, 0.67813, 0.508736, 0.399564, 0.294648, 0.142992, 0.085738, 0.038794, 0.02057, 0.0084]"

Environment.OBSTRUCTED_IN_FACTORY,4e-06,4000000.0,256,"[1, 2, 3, 5, 7, 10, 20, 30, 50, 70, 100, 200, 300, 500, 700, 1000, 2000, 3000, 5000, 7000, 10000]","[1.0, 1.0, 1.0, 0.999988, 0.999962, 0.999824, 0.996948, 0.989256, 0.958964, 0.91711, 0.844892, 0.638584, 0.49781, 0.334278, 0.242486, 0.165824, 0.068288, 0.036136, 0.014078, 0.006452, 0.002486]"

Environment.OBSTRUCTED_IN_FACTORY,4e-06,8000000.0,2,"[1, 2, 3, 5, 7, 10, 20, 30, 50, 70, 100, 200, 300, 500, 700, 1000, 2000, 3000, 5000, 7000, 10000]","[1.0, 1.0, 1.0, 1.0, 1.0, 1.0, 1.0, 0.999996, 0.999978, 0.999898, 0.999628, 0.99517, 0.984074, 0.947698, 0.880358, 0.731858, 0.483956, 0.360372, 0.224872, 0.147932, 0.079046]"

Environment.OBSTRUCTED_IN_FACTORY,4e-06,8000000.0,4,"[1, 2, 3, 5, 7, 10, 20, 30, 50, 70, 100, 200, 300, 500, 700, 1000, 2000, 3000, 5000, 7000, 10000]","[1.0, 1.0, 1.0, 1.0, 1.0, 1.0, 1.0, 0.999994, 0.999892, 0.999584, 0.998216, 0.985264, 0.959578, 0.892858, 0.807518, 0.663736, 0.423904, 0.308412, 0.184906, 0.118408, 0.060392]"

Environment.OBSTRUCTED_IN_FACTORY,4e-06,8000000.0,16,"[1, 2, 3, 5, 7, 10, 20, 30, 50, 70, 100, 200, 300, 500, 700, 1000, 2000, 3000, 5000, 7000, 10000]","[1.0, 1.0, 1.0, 1.0, 1.0, 1.0, 0.999984, 0.999858, 0.999038, 0.996648, 0.989912, 0.943998, 0.882368, 0.758572, 0.652098, 0.519792, 0.305224, 0.209684, 0.113978, 0.068356, 0.031892]"

Environment.OBSTRUCTED_IN_FACTORY,4e-06,8000000.0,64,"[1, 2, 3, 5, 7, 10, 20, 30, 50, 70, 100, 200, 300, 500, 700, 1000, 2000, 3000, 5000, 7000, 10000]","[1.0, 1.0, 1.0, 1.0, 1.0, 0.999998, 0.999806, 0.999044, 0.994318, 0.984546, 0.96283, 0.859568, 0.756214, 0.594686, 0.483424, 0.365544, 0.191886, 0.12054, 0.058062, 0.03235, 0.013974]"

Environment.OBSTRUCTED_IN_FACTORY,4e-06,8000000.0,256,"[1, 2, 3, 5, 7, 10, 20, 30, 50, 70, 100, 200, 300, 500, 700, 1000, 2000, 3000, 5000, 7000, 10000]","[1.0, 1.0, 1.0, 0.999996, 0.99999, 0.99992, 0.998706, 0.994732, 0.977072, 0.949974, 0.897558, 0.722084, 0.5886, 0.417202, 0.31748, 0.223726, 0.10021, 0.057282, 0.024146, 0.011936, 0.004572]"

Environment.OBSTRUCTED_IN_FACTORY,4e-06,16000000.0,2,"[1, 2, 3, 5, 7, 10, 20, 30, 50, 70, 100, 200, 300, 500, 700, 1000, 2000, 3000, 5000, 7000, 10000]","[1.0, 1.0, 1.0, 1.0, 1.0, 1.0, 1.0, 1.0, 0.999998, 0.99998, 0.999882, 0.997852, 0.99172, 0.96896, 0.912604, 0.762334, 0.510352, 0.384048, 0.245238, 0.16411, 0.088288]"

Environment.OBSTRUCTED_IN_FACTORY,4e-06,16000000.0,4,"[1, 2, 3, 5, 7, 10, 20, 30, 50, 70, 100, 200, 300, 500, 700, 1000, 2000, 3000, 5000, 7000, 10000]","[1.0, 1.0, 1.0, 1.0, 1.0, 1.0, 1.0, 0.999996, 0.999986, 0.99986, 0.999298, 0.99267, 0.977686, 0.930376, 0.857182, 0.709884, 0.464396, 0.343918, 0.210514, 0.13724, 0.072724]"

Environment.OBSTRUCTED_IN_FACTORY,4e-06,16000000.0,16,"[1, 2, 3, 5, 7, 10, 20, 30, 50, 70, 100, 200, 300, 500, 700, 1000, 2000, 3000, 5000, 7000, 10000]","[1.0, 1.0, 1.0, 1.0, 1.0, 1.0, 0.999992, 0.999948, 0.99963, 0.998598, 0.995186, 0.96753, 0.92325, 0.825282, 0.727572, 0.588568, 0.360942, 0.25426, 0.14542, 0.089318, 0.043768]"

Environment.OBSTRUCTED_IN_FACTORY,4e-06,16000000.0,64,"[1, 2, 3, 5, 7, 10, 20, 30, 50, 70, 100, 200, 300, 500, 700, 1000, 2000, 3000, 5000, 7000, 10000]","[1.0, 1.0, 1.0, 1.0, 1.0, 0.999998, 0.99995, 0.999668, 0.997538, 0.992588, 0.979528, 0.907162, 0.82428, 0.6797, 0.566642, 0.440984, 0.245992, 0.161704, 0.083566, 0.047668, 0.021666]"

Environment.OBSTRUCTED_IN_FACTORY,4e-06,16000000.0,256,"[1, 2, 3, 5, 7, 10, 20, 30, 50, 70, 100, 200, 300, 500, 700, 1000, 2000, 3000, 5000, 7000, 10000]","[1.0, 1.0, 1.0, 1.0, 0.999996, 0.999974, 0.999516, 0.997672, 0.988142, 0.971116, 0.93624, 0.797508, 0.676526, 0.50657, 0.398324, 0.292302, 0.142858, 0.083914, 0.038568, 0.020292, 0.008154]"

Environment.OBSTRUCTED_IN_FACTORY,8e-06,1000000.0,2,"[1, 2, 3, 5, 7, 10, 20, 30, 50, 70, 100, 200, 300, 500, 700, 1000, 2000, 3000, 5000, 7000, 10000]","[1.0, 1.0, 1.0, 1.0, 1.0, 1.0, 1.0, 0.999992, 0.999816, 0.999436, 0.997746, 0.981456, 0.951962, 0.876944, 0.788512, 0.644932, 0.409098, 0.296346, 0.173666, 0.11052, 0.0557]"

Environment.OBSTRUCTED_IN_FACTORY,8e-06,1000000.0,4,"[1, 2, 3, 5, 7, 10, 20, 30, 50, 70, 100, 200, 300, 500, 700, 1000, 2000, 3000, 5000, 7000, 10000]","[1.0, 1.0, 1.0, 1.0, 1.0, 1.0, 0.999976, 0.999936, 0.999316, 0.997474, 0.992222, 0.95409, 0.899182, 0.78666, 0.68105, 0.54498, 0.32759, 0.226008, 0.125412, 0.075952, 0.036082]"

Environment.OBSTRUCTED_IN_FACTORY,8e-06,1000000.0,16,"[1, 2, 3, 5, 7, 10, 20, 30, 50, 70, 100, 200, 300, 500, 700, 1000, 2000, 3000, 5000, 7000, 10000]","[1.0, 1.0, 1.0, 1.0, 1.0, 0.999996, 0.999848, 0.999172, 0.994994, 0.98612, 0.96539, 0.866226, 0.764958, 0.606476, 0.494588, 0.376266, 0.199452, 0.125024, 0.061684, 0.033636, 0.014726]"

Environment.OBSTRUCTED_IN_FACTORY,8e-06,1000000.0,64,"[1, 2, 3, 5, 7, 10, 20, 30, 50, 70, 100, 200, 300, 500, 700, 1000, 2000, 3000, 5000, 7000, 10000]","[1.0, 1.0, 1.0, 1.0, 0.999988, 0.999948, 0.998834, 0.995, 0.978242, 0.951284, 0.90033, 0.729328, 0.593596, 0.425308, 0.322588, 0.23011, 0.1031, 0.058146, 0.024944, 0.01255, 0.004882]"

Environment.OBSTRUCTED_IN_FACTORY,8e-06,1000000.0,256,"[1, 2, 3, 5, 7, 10, 20, 30, 50, 70, 100, 200, 300, 500, 700, 1000, 2000, 3000, 5000, 7000, 10000]","[1.0, 1.0, 1.0, 0.99997, 0.999876, 0.999452, 0.993436, 0.979056, 0.93077, 0.872708, 0.781316, 0.551172, 0.411238, 0.26066, 0.182498, 0.119198, 0.043734, 0.021772, 0.007798, 0.003396, 0.001224]"

Environment.OBSTRUCTED_IN_FACTORY,8e-06,2000000.0,2,"[1, 2, 3, 5, 7, 10, 20, 30, 50, 70, 100, 200, 300, 500, 700, 1000, 2000, 3000, 5000, 7000, 10000]","[1.0, 1.0, 1.0, 1.0, 1.0, 1.0, 1.0, 0.999988, 0.999952, 0.999774, 0.999006, 0.990034, 0.970866, 0.917022, 0.839204, 0.692426, 0.449234, 0.330408, 0.201914, 0.1309, 0.067606]"

Environment.OBSTRUCTED_IN_FACTORY,8e-06,2000000.0,4,"[1, 2, 3, 5, 7, 10, 20, 30, 50, 70, 100, 200, 300, 500, 700, 1000, 2000, 3000, 5000, 7000, 10000]","[1.0, 1.0, 1.0, 1.0, 1.0, 1.0, 0.999996, 0.999976, 0.999672, 0.998888, 0.996366, 0.97275, 0.933486, 0.84405, 0.74877, 0.608306, 0.37699, 0.267552, 0.1545, 0.096206, 0.047976]"

Environment.OBSTRUCTED_IN_FACTORY,8e-06,2000000.0,16,"[1, 2, 3, 5, 7, 10, 20, 30, 50, 70, 100, 200, 300, 500, 700, 1000, 2000, 3000, 5000, 7000, 10000]","[1.0, 1.0, 1.0, 1.0, 1.0, 0.999998, 0.999954, 0.999678, 0.997718, 0.992904, 0.980234, 0.90969, 0.827876, 0.684456, 0.573514, 0.447778, 0.250942, 0.164398, 0.085776, 0.049182, 0.021768]"

Environment.OBSTRUCTED_IN_FACTORY,8e-06,2000000.0,64,"[1, 2, 3, 5, 7, 10, 20, 30, 50, 70, 100, 200, 300, 500, 700, 1000, 2000, 3000, 5000, 7000, 10000]","[1.0, 1.0, 1.0, 0.999998, 0.999994, 0.999978, 0.999522, 0.997704, 0.988492, 0.97178, 0.937358, 0.798262, 0.679124, 0.507804, 0.398428, 0.294554, 0.142474, 0.08604, 0.038324, 0.020012, 0.008406]"

Environment.OBSTRUCTED_IN_FACTORY,8e-06,2000000.0,256,"[1, 2, 3, 5, 7, 10, 20, 30, 50, 70, 100, 200, 300, 500, 700, 1000, 2000, 3000, 5000, 7000, 10000]","[1.0, 1.0, 1.0, 0.999986, 0.999962, 0.999782, 0.99703, 0.988844, 0.958394, 0.915758, 0.845236, 0.637878, 0.49799, 0.334428, 0.243526, 0.164862, 0.068214, 0.035552, 0.013944, 0.00668, 0.002578]"

Environment.OBSTRUCTED_IN_FACTORY,8e-06,4000000.0,2,"[1, 2, 3, 5, 7, 10, 20, 30, 50, 70, 100, 200, 300, 500, 700, 1000, 2000, 3000, 5000, 7000, 10000]","[1.0, 1.0, 1.0, 1.0, 1.0, 1.0, 1.0, 1.0, 0.999982, 0.999934, 0.99965, 0.99521, 0.98437, 0.947322, 0.880162, 0.730956, 0.48452, 0.361296, 0.226102, 0.148678, 0.07794]"

Environment.OBSTRUCTED_IN_FACTORY,8e-06,4000000.0,4,"[1, 2, 3, 5, 7, 10, 20, 30, 50, 70, 100, 200, 300, 500, 700, 1000, 2000, 3000, 5000, 7000, 10000]","[1.0, 1.0, 1.0, 1.0, 1.0, 1.0, 0.999998, 0.999996, 0.9999, 0.999582, 0.998362, 0.984924, 0.959346, 0.892528, 0.807884, 0.663846, 0.424726, 0.307744, 0.18433, 0.11789, 0.060648]"

Environment.OBSTRUCTED_IN_FACTORY,8e-06,4000000.0,16,"[1, 2, 3, 5, 7, 10, 20, 30, 50, 70, 100, 200, 300, 500, 700, 1000, 2000, 3000, 5000, 7000, 10000]","[1.0, 1.0, 1.0, 1.0, 1.0, 1.0, 0.999982, 0.99989, 0.999032, 0.996766, 0.989894, 0.94361, 0.881728, 0.75862, 0.652642, 0.51935, 0.30637, 0.209036, 0.11391, 0.068864, 0.031646]"

Environment.OBSTRUCTED_IN_FACTORY,8e-06,4000000.0,64,"[1, 2, 3, 5, 7, 10, 20, 30, 50, 70, 100, 200, 300, 500, 700, 1000, 2000, 3000, 5000, 7000, 10000]","[1.0, 1.0, 1.0, 1.0, 1.0, 0.999992, 0.999858, 0.999056, 0.994444, 0.985048, 0.9629, 0.859276, 0.755454, 0.594808, 0.48216, 0.366624, 0.191362, 0.120434, 0.058412, 0.032336, 0.013854]"

Environment.OBSTRUCTED_IN_FACTORY,8e-06,4000000.0,256,"[1, 2, 3, 5, 7, 10, 20, 30, 50, 70, 100, 200, 300, 500, 700, 1000, 2000, 3000, 5000, 7000, 10000]","[1.0, 1.0, 1.0, 0.999998, 0.99999, 0.999918, 0.998652, 0.994722, 0.977398, 0.949008, 0.897736, 0.722482, 0.587234, 0.418644, 0.316696, 0.224104, 0.100196, 0.056608, 0.023682, 0.011984, 0.004486]"

Environment.OBSTRUCTED_IN_FACTORY,8e-06,8000000.0,2,"[1, 2, 3, 5, 7, 10, 20, 30, 50, 70, 100, 200, 300, 500, 700, 1000, 2000, 3000, 5000, 7000, 10000]","[1.0, 1.0, 1.0, 1.0, 1.0, 1.0, 1.0, 1.0, 0.999996, 0.999974, 0.999854, 0.997796, 0.991776, 0.969032, 0.911696, 0.76117, 0.510294, 0.383418, 0.244942, 0.164082, 0.087956]"

Environment.OBSTRUCTED_IN_FACTORY,8e-06,8000000.0,4,"[1, 2, 3, 5, 7, 10, 20, 30, 50, 70, 100, 200, 300, 500, 700, 1000, 2000, 3000, 5000, 7000, 10000]","[1.0, 1.0, 1.0, 1.0, 1.0, 1.0, 1.0, 1.0, 0.999966, 0.999836, 0.999294, 0.992428, 0.97693, 0.93114, 0.85735, 0.710202, 0.464358, 0.342912, 0.211582, 0.137452, 0.07302]"

Environment.OBSTRUCTED_IN_FACTORY,8e-06,8000000.0,16,"[1, 2, 3, 5, 7, 10, 20, 30, 50, 70, 100, 200, 300, 500, 700, 1000, 2000, 3000, 5000, 7000, 10000]","[1.0, 1.0, 1.0, 1.0, 1.0, 1.0, 0.999998, 0.999966, 0.999686, 0.99852, 0.99516, 0.967142, 0.923042, 0.825264, 0.726912, 0.587452, 0.361238, 0.254628, 0.145276, 0.089124, 0.043606]"

Environment.OBSTRUCTED_IN_FACTORY,8e-06,8000000.0,64,"[1, 2, 3, 5, 7, 10, 20, 30, 50, 70, 100, 200, 300, 500, 700, 1000, 2000, 3000, 5000, 7000, 10000]","[1.0, 1.0, 1.0, 1.0, 1.0, 0.999994, 0.999946, 0.999606, 0.99765, 0.992398, 0.979168, 0.907984, 0.824318, 0.679058, 0.569012, 0.441098, 0.245108, 0.161408, 0.083516, 0.047946, 0.021806]"

Environment.OBSTRUCTED_IN_FACTORY,8e-06,8000000.0,256,"[1, 2, 3, 5, 7, 10, 20, 30, 50, 70, 100, 200, 300, 500, 700, 1000, 2000, 3000, 5000, 7000, 10000]","[1.0, 1.0, 1.0, 0.999998, 0.999994, 0.999984, 0.999458, 0.997712, 0.98822, 0.97142, 0.9369, 0.796756, 0.67646, 0.50773, 0.397048, 0.292932, 0.141678, 0.08496, 0.038704, 0.0203, 0.00819]"

Environment.OBSTRUCTED_IN_FACTORY,8e-06,16000000.0,2,"[1, 2, 3, 5, 7, 10, 20, 30, 50, 70, 100, 200, 300, 500, 700, 1000, 2000, 3000, 5000, 7000, 10000]","[1.0, 1.0, 1.0, 1.0, 1.0, 1.0, 1.0, 1.0, 0.999998, 0.99999, 0.99994, 0.999128, 0.99626, 0.982984, 0.933814, 0.783128, 0.529282, 0.40243, 0.258588, 0.176152, 0.0968]"

Environment.OBSTRUCTED_IN_FACTORY,8e-06,16000000.0,4,"[1, 2, 3, 5, 7, 10, 20, 30, 50, 70, 100, 200, 300, 500, 700, 1000, 2000, 3000, 5000, 7000, 10000]","[1.0, 1.0, 1.0, 1.0, 1.0, 1.0, 1.0, 1.0, 0.99999, 0.999956, 0.999744, 0.996596, 0.987844, 0.957658, 0.895374, 0.744916, 0.497086, 0.373332, 0.234464, 0.155434, 0.082456]"

Environment.OBSTRUCTED_IN_FACTORY,8e-06,16000000.0,16,"[1, 2, 3, 5, 7, 10, 20, 30, 50, 70, 100, 200, 300, 500, 700, 1000, 2000, 3000, 5000, 7000, 10000]","[1.0, 1.0, 1.0, 1.0, 1.0, 1.0, 0.999998, 0.99999, 0.999868, 0.999384, 0.997808, 0.982096, 0.952802, 0.880214, 0.790738, 0.64719, 0.409854, 0.296848, 0.176752, 0.111608, 0.056568]"

Environment.OBSTRUCTED_IN_FACTORY,8e-06,16000000.0,64,"[1, 2, 3, 5, 7, 10, 20, 30, 50, 70, 100, 200, 300, 500, 700, 1000, 2000, 3000, 5000, 7000, 10000]","[1.0, 1.0, 1.0, 1.0, 1.0, 1.0, 0.999982, 0.99987, 0.999024, 0.996618, 0.9896, 0.942482, 0.878568, 0.756486, 0.649702, 0.518304, 0.303488, 0.207402, 0.113248, 0.06715, 0.031022]"

Environment.OBSTRUCTED_IN_FACTORY,8e-06,16000000.0,256,"[1, 2, 3, 5, 7, 10, 20, 30, 50, 70, 100, 200, 300, 500, 700, 1000, 2000, 3000, 5000, 7000, 10000]","[1.0, 1.0, 1.0, 1.0, 1.0, 0.99999, 0.999798, 0.999086, 0.994428, 0.985182, 0.963376, 0.860308, 0.75561, 0.596066, 0.485052, 0.366518, 0.192664, 0.120556, 0.058816, 0.032006, 0.013904]"

